Date,Region,Category,Sales,Profit,Units_Sold,Customer_Age,Customer_Gender,Discount,Month,Quarter,Profit_Margin
2023-01-01 00:00:00.000000,South,Electronics,9935,1139,32,49,Female,0.05,January,Q1,11.46
2023-01-01 08:44:41.081081,West,Furniture,5498,1730,26,21,Male,0.15,January,Q1,31.47
2023-01-01 17:29:22.162162,East,Groceries,662,2472,16,21,Male,0.0,January,Q1,373.41
2023-01-02 02:14:03.243243,East,Groceries,2474,211,25,34,Male,0.0,January,Q1,8.53
2023-01-02 10:58:44.324324,North,Groceries,3791,2419,54,58,Male,0.15,January,Q1,63.81
2023-01-02 19:43:25.405405,North,Furniture,8961,499,28,36,Male,0.0,January,Q1,5.57
2023-01-03 04:28:06.486486,North,Furniture,1131,1547,73,22,Male,0.2,January,Q1,136.78
2023-01-03 13:12:47.567567,West,Groceries,1405,1086,56,49,Female,0.05,January,Q1,77.3
2023-01-03 21:57:28.648648,East,Electronics,12163,2281,65,39,Female,0.1,January,Q1,18.75
2023-01-04 06:42:09.729729,East,Clothing,11945,2208,93,23,Female,0.05,January,Q1,18.48
2023-01-04 15:26:50.810810,North,Electronics,2514,2000,86,52,Male,0.05,January,Q1,79.55
2023-01-05 00:11:31.891891,West,Sports,10333,2605,80,39,Male,0.0,January,Q1,25.21
2023-01-05 08:56:12.972972,West,Sports,8396,1363,41,18,Male,0.1,January,Q1,16.23
2023-01-05 17:40:54.054054,North,Electronics,704,2392,51,37,Female,0.05,January,Q1,339.77
2023-01-06 02:25:35.135135,North,Groceries,1081,1288,71,39,Male,0.2,January,Q1,119.15
2023-01-06 11:10:16.216216,North,Sports,6175,1023,78,28,Male,0.0,January,Q1,16.57
2023-01-06 19:54:57.297297,South,Electronics,9532,681,29,30,Female,0.0,January,Q1,7.14
2023-01-07 04:39:38.378378,South,Furniture,14624,1640,83,59,Male,0.0,January,Q1,11.21
2023-01-07 13:24:19.459459,South,Sports,5847,1100,19,20,Female,0.1,January,Q1,18.81
2023-01-07 22:09:00.540540,North,Electronics,10411,2830,66,26,Female,0.15,January,Q1,27.18
2023-01-08 06:53:41.621621,East,Furniture,14430,1638,41,29,Male,0.0,January,Q1,11.35
2023-01-08 15:38:22.702702,North,Electronics,3143,2418,45,40,Female,0.1,January,Q1,76.93
2023-01-09 00:23:03.783783,North,Sports,8517,1743,15,31,Male,0.0,January,Q1,20.46
2023-01-09 09:07:44.864864,South,Sports,2797,486,3,50,Female,0.1,January,Q1,17.38
2023-01-09 17:52:25.945945,South,Sports,1374,2878,11,35,Male,0.15,January,Q1,209.46
2023-01-10 02:37:07.027027,East,Clothing,6060,1606,53,58,Female,0.0,January,Q1,26.5
2023-01-10 11:21:48.108108,North,Groceries,1189,1126,46,26,Male,0.05,January,Q1,94.7
2023-01-10 20:06:29.189189,South,Groceries,4500,1354,30,40,Female,0.2,January,Q1,30.09
2023-01-11 04:51:10.270270,East,Clothing,14798,2823,57,27,Female,0.15,January,Q1,19.08
2023-01-11 13:35:51.351351,North,Groceries,11833,2128,18,36,Female,0.05,January,Q1,17.98
2023-01-11 22:20:32.432432,East,Electronics,10114,2434,51,64,Male,0.05,January,Q1,24.07
2023-01-12 07:05:13.513513,North,Furniture,14789,232,48,22,Male,0.0,January,Q1,1.57
2023-01-12 15:49:54.594594,North,Electronics,1171,2641,66,64,Female,0.05,January,Q1,225.53
2023-01-13 00:34:35.675675,West,Electronics,8427,1519,96,40,Male,0.15,January,Q1,18.03
2023-01-13 09:19:16.756756,West,Electronics,1671,1529,8,47,Female,0.1,January,Q1,91.5
2023-01-13 18:03:57.837837,West,Furniture,6091,1639,22,42,Male,0.0,January,Q1,26.91
2023-01-14 02:48:38.918918,South,Clothing,12418,1637,6,45,Female,0.0,January,Q1,13.18
2023-01-14 11:33:20.000000,North,Groceries,9635,709,76,51,Male,0.0,January,Q1,7.36
2023-01-14 20:18:01.081081,East,Electronics,6842,209,57,62,Female,0.0,January,Q1,3.05
2023-01-15 05:02:42.162162,South,Clothing,1949,2509,36,64,Female,0.0,January,Q1,128.73
2023-01-15 13:47:23.243243,North,Furniture,12429,1061,79,42,Female,0.05,January,Q1,8.54
2023-01-15 22:32:04.324324,South,Groceries,3039,102,92,27,Female,0.0,January,Q1,3.36
2023-01-16 07:16:45.405405,North,Clothing,4459,2505,57,31,Male,0.0,January,Q1,56.18
2023-01-16 16:01:26.486486,West,Furniture,13683,2944,49,59,Female,0.05,January,Q1,21.52
2023-01-17 00:46:07.567567,North,Groceries,6785,1095,45,63,Male,0.0,January,Q1,16.14
2023-01-17 09:30:48.648648,East,Furniture,5932,1103,82,47,Male,0.0,January,Q1,18.59
2023-01-17 18:15:29.729729,South,Electronics,4760,2800,66,58,Female,0.0,January,Q1,58.82
2023-01-18 03:00:10.810810,South,Electronics,2861,2357,77,42,Male,0.0,January,Q1,82.38
2023-01-18 11:44:51.891891,South,Groceries,6664,1278,45,31,Male,0.05,January,Q1,19.18
2023-01-18 20:29:32.972972,North,Electronics,13893,1544,79,52,Male,0.0,January,Q1,11.11
2023-01-19 05:14:14.054054,West,Groceries,12344,2873,20,51,Female,0.1,January,Q1,23.27
2023-01-19 13:58:55.135135,East,Furniture,4170,1539,64,27,Male,0.2,January,Q1,36.91
2023-01-19 22:43:36.216216,West,Sports,2253,1085,93,52,Male,0.1,January,Q1,48.16
2023-01-20 07:28:17.297297,West,Groceries,8600,2000,93,28,Female,0.05,January,Q1,23.26
2023-01-20 16:12:58.378378,East,Sports,11044,899,67,28,Female,0.15,January,Q1,8.14
2023-01-21 00:57:39.459459,West,Clothing,2438,403,83,38,Male,0.1,January,Q1,16.53
2023-01-21 09:42:20.540540,North,Groceries,9062,1148,3,38,Female,0.0,January,Q1,12.67
2023-01-21 18:27:01.621621,North,Clothing,6476,2970,54,39,Male,0.0,January,Q1,45.86
2023-01-22 03:11:42.702702,North,Clothing,13640,1789,78,62,Male,0.15,January,Q1,13.12
2023-01-22 11:56:23.783783,South,Furniture,13171,1514,64,24,Male,0.0,January,Q1,11.49
2023-01-22 20:41:04.864864,South,Groceries,10623,1040,40,34,Female,0.0,January,Q1,9.79
2023-01-23 05:25:45.945945,North,Sports,7088,1314,59,19,Male,0.1,January,Q1,18.54
2023-01-23 14:10:27.027027,West,Groceries,9116,1934,55,29,Female,0.15,January,Q1,21.22
2023-01-23 22:55:08.108108,South,Clothing,6804,1859,62,59,Female,0.0,January,Q1,27.32
2023-01-24 07:39:49.189189,North,Clothing,7845,2391,4,35,Male,0.05,January,Q1,30.48
2023-01-24 16:24:30.270270,South,Groceries,13416,2306,60,28,Female,0.0,January,Q1,17.19
2023-01-25 01:09:11.351351,North,Electronics,8375,1161,75,33,Female,0.1,January,Q1,13.86
2023-01-25 09:53:52.432432,West,Electronics,9586,867,95,35,Female,0.0,January,Q1,9.04
2023-01-25 18:38:33.513513,North,Clothing,7133,1849,96,52,Female,0.0,January,Q1,25.92
2023-01-26 03:23:14.594594,West,Electronics,1097,2010,91,43,Female,0.15,January,Q1,183.23
2023-01-26 12:07:55.675675,East,Electronics,3562,2487,30,33,Male,0.05,January,Q1,69.82
2023-01-26 20:52:36.756756,North,Electronics,2836,2422,2,23,Female,0.1,January,Q1,85.4
2023-01-27 05:37:17.837837,North,Electronics,13380,938,62,61,Male,0.05,January,Q1,7.01
2023-01-27 14:21:58.918918,West,Electronics,10379,1905,49,60,Male,0.0,January,Q1,18.35
2023-01-27 23:06:40.000000,East,Sports,1072,1230,9,64,Male,0.1,January,Q1,114.74
2023-01-28 07:51:21.081081,East,Clothing,8021,717,92,64,Male,0.0,January,Q1,8.94
2023-01-28 16:36:02.162162,East,Clothing,6671,682,31,59,Male,0.0,January,Q1,10.22
2023-01-29 01:20:43.243243,North,Furniture,7597,2674,98,29,Male,0.0,January,Q1,35.2
2023-01-29 10:05:24.324324,South,Electronics,2590,1692,61,30,Female,0.1,January,Q1,65.33
2023-01-29 18:50:05.405405,North,Sports,14492,186,79,21,Female,0.2,January,Q1,1.28
2023-01-30 03:34:46.486486,West,Groceries,7066,1996,48,56,Female,0.2,January,Q1,28.25
2023-01-30 12:19:27.567567,East,Electronics,12361,1747,25,19,Male,0.05,January,Q1,14.13
2023-01-30 21:04:08.648648,South,Clothing,12964,477,36,43,Female,0.0,January,Q1,3.68
2023-01-31 05:48:49.729729,North,Groceries,5124,1525,8,44,Female,0.05,January,Q1,29.76
2023-01-31 14:33:30.810810,South,Sports,2133,2709,73,44,Female,0.15,January,Q1,127.0
2023-01-31 23:18:11.891891,South,Clothing,13753,868,58,32,Male,0.0,January,Q1,6.31
2023-02-01 08:02:52.972972,East,Furniture,2017,2238,45,25,Female,0.2,February,Q1,110.96
2023-02-01 16:47:34.054054,East,Electronics,12985,1156,62,24,Male,0.0,February,Q1,8.9
2023-02-02 01:32:15.135135,West,Sports,11349,2274,39,64,Female,0.2,February,Q1,20.04
2023-02-02 10:16:56.216216,South,Electronics,4148,247,96,63,Male,0.15,February,Q1,5.95
2023-02-02 19:01:37.297297,North,Sports,13640,2721,58,57,Male,0.15,February,Q1,19.95
2023-02-03 03:46:18.378378,East,Furniture,12280,2045,81,29,Male,0.0,February,Q1,16.65
2023-02-03 12:30:59.459459,East,Furniture,2037,2788,99,30,Female,0.0,February,Q1,136.87
2023-02-03 21:15:40.540540,East,Furniture,14857,2498,83,60,Female,0.0,February,Q1,16.81
2023-02-04 06:00:21.621621,East,Electronics,13868,520,64,34,Male,0.0,February,Q1,3.75
2023-02-04 14:45:02.702702,South,Electronics,3637,2315,44,34,Female,0.0,February,Q1,63.65
2023-02-04 23:29:43.783783,South,Electronics,7485,1998,29,53,Male,0.05,February,Q1,26.69
2023-02-05 08:14:24.864864,South,Electronics,597,978,59,38,Male,0.05,February,Q1,163.82
2023-02-05 16:59:05.945945,North,Groceries,11907,2060,71,25,Female,0.1,February,Q1,17.3
2023-02-06 01:43:47.027027,North,Clothing,14691,2729,92,22,Female,0.1,February,Q1,18.58
2023-02-06 10:28:28.108108,North,Electronics,13222,955,9,43,Female,0.0,February,Q1,7.22
2023-02-06 19:13:09.189189,East,Sports,13424,2272,92,33,Male,0.2,February,Q1,16.92
2023-02-07 03:57:50.270270,South,Groceries,4250,72,6,53,Male,0.0,February,Q1,1.69
2023-02-07 12:42:31.351351,South,Sports,11849,284,29,45,Female,0.05,February,Q1,2.4
2023-02-07 21:27:12.432432,West,Sports,13375,1174,58,46,Male,0.05,February,Q1,8.78
2023-02-08 06:11:53.513513,North,Electronics,9035,978,17,64,Female,0.15,February,Q1,10.82
2023-02-08 14:56:34.594594,South,Clothing,8674,572,16,29,Male,0.0,February,Q1,6.59
2023-02-08 23:41:15.675675,East,Groceries,8603,1858,87,54,Female,0.05,February,Q1,21.6
2023-02-09 08:25:56.756756,North,Furniture,5913,480,95,47,Female,0.1,February,Q1,8.12
2023-02-09 17:10:37.837837,North,Electronics,14767,842,3,40,Male,0.0,February,Q1,5.7
2023-02-10 01:55:18.918918,North,Groceries,5166,1679,21,33,Female,0.1,February,Q1,32.5
2023-02-10 10:40:00.000000,North,Electronics,1110,1786,64,31,Female,0.2,February,Q1,160.9
2023-02-10 19:24:41.081081,West,Electronics,2227,582,90,27,Male,0.2,February,Q1,26.13
2023-02-11 04:09:22.162162,West,Furniture,10982,1796,36,24,Female,0.0,February,Q1,16.35
2023-02-11 12:54:03.243243,East,Furniture,2354,1725,86,62,Male,0.0,February,Q1,73.28
2023-02-11 21:38:44.324324,West,Furniture,11300,1366,62,54,Female,0.0,February,Q1,12.09
2023-02-12 06:23:25.405405,West,Electronics,5555,2907,42,46,Male,0.0,February,Q1,52.33
2023-02-12 15:08:06.486486,North,Groceries,10771,962,76,20,Female,0.0,February,Q1,8.93
2023-02-12 23:52:47.567567,West,Electronics,2824,1174,42,32,Female,0.0,February,Q1,41.57
2023-02-13 08:37:28.648648,South,Electronics,13319,1575,61,53,Female,0.2,February,Q1,11.83
2023-02-13 17:22:09.729729,West,Groceries,9869,1377,13,64,Female,0.2,February,Q1,13.95
2023-02-14 02:06:50.810810,West,Sports,9783,2968,11,63,Male,0.0,February,Q1,30.34
2023-02-14 10:51:31.891891,South,Groceries,14689,2637,54,36,Male,0.0,February,Q1,17.95
2023-02-14 19:36:12.972972,North,Groceries,13671,1073,16,30,Male,0.05,February,Q1,7.85
2023-02-15 04:20:54.054054,North,Furniture,6274,1626,8,59,Male,0.0,February,Q1,25.92
2023-02-15 13:05:35.135135,South,Furniture,7019,1428,59,38,Male,0.1,February,Q1,20.34
2023-02-15 21:50:16.216216,West,Electronics,11483,1569,57,54,Male,0.1,February,Q1,13.66
2023-02-16 06:34:57.297297,West,Clothing,14914,1731,40,44,Male,0.15,February,Q1,11.61
2023-02-16 15:19:38.378378,North,Clothing,2249,2047,59,46,Female,0.1,February,Q1,91.02
2023-02-17 00:04:19.459459,South,Electronics,11367,276,2,37,Female,0.05,February,Q1,2.43
2023-02-17 08:49:00.540540,South,Groceries,1281,1309,94,42,Female,0.1,February,Q1,102.19
2023-02-17 17:33:41.621621,North,Clothing,8048,922,94,23,Female,0.0,February,Q1,11.46
2023-02-18 02:18:22.702702,North,Electronics,11740,941,76,53,Male,0.05,February,Q1,8.02
2023-02-18 11:03:03.783783,South,Electronics,7323,1528,10,19,Male,0.05,February,Q1,20.87
2023-02-18 19:47:44.864864,West,Furniture,2605,1086,44,39,Male,0.0,February,Q1,41.69
2023-02-19 04:32:25.945945,South,Electronics,4367,2307,11,49,Female,0.0,February,Q1,52.83
2023-02-19 13:17:07.027027,South,Groceries,7693,2838,79,33,Male,0.0,February,Q1,36.89
2023-02-19 22:01:48.108108,East,Clothing,5476,446,80,35,Female,0.2,February,Q1,8.14
2023-02-20 06:46:29.189189,South,Clothing,13234,1173,81,22,Male,0.0,February,Q1,8.86
2023-02-20 15:31:10.270270,West,Furniture,2613,2128,90,53,Male,0.0,February,Q1,81.44
2023-02-21 00:15:51.351351,West,Groceries,6379,2995,2,47,Male,0.0,February,Q1,46.95
2023-02-21 09:00:32.432432,North,Clothing,14065,698,50,62,Male,0.1,February,Q1,4.96
2023-02-21 17:45:13.513513,South,Furniture,4470,378,12,36,Female,0.0,February,Q1,8.46
2023-02-22 02:29:54.594594,South,Furniture,10683,1532,90,40,Female,0.2,February,Q1,14.34
2023-02-22 11:14:35.675675,North,Electronics,9759,1001,23,51,Male,0.15,February,Q1,10.26
2023-02-22 19:59:16.756756,North,Groceries,7764,2055,18,30,Female,0.05,February,Q1,26.47
2023-02-23 04:43:57.837837,East,Groceries,2077,2066,62,60,Male,0.1,February,Q1,99.47
2023-02-23 13:28:38.918918,South,Furniture,9703,2718,96,46,Male,0.0,February,Q1,28.01
2023-02-23 22:13:20.000000,North,Groceries,2774,1928,62,53,Male,0.0,February,Q1,69.5
2023-02-24 06:58:01.081081,North,Groceries,5369,1246,38,39,Male,0.1,February,Q1,23.21
2023-02-24 15:42:42.162162,West,Groceries,10506,1822,67,64,Female,0.0,February,Q1,17.34
2023-02-25 00:27:23.243243,North,Groceries,7244,211,38,53,Male,0.0,February,Q1,2.91
2023-02-25 09:12:04.324324,North,Furniture,2926,1801,67,26,Male,0.05,February,Q1,61.55
2023-02-25 17:56:45.405405,South,Furniture,13989,825,94,56,Female,0.0,February,Q1,5.9
2023-02-26 02:41:26.486486,West,Furniture,6046,1877,61,36,Male,0.2,February,Q1,31.05
2023-02-26 11:26:07.567567,North,Groceries,7352,2371,1,55,Female,0.0,February,Q1,32.25
2023-02-26 20:10:48.648648,East,Electronics,13094,1101,94,23,Male,0.1,February,Q1,8.41
2023-02-27 04:55:29.729729,East,Groceries,13566,2423,45,64,Male,0.05,February,Q1,17.86
2023-02-27 13:40:10.810810,North,Groceries,3051,989,96,32,Male,0.1,February,Q1,32.42
2023-02-27 22:24:51.891891,East,Electronics,6911,589,28,37,Male,0.0,February,Q1,8.52
2023-02-28 07:09:32.972972,South,Groceries,12349,2585,21,26,Male,0.05,February,Q1,20.93
2023-02-28 15:54:14.054054,East,Electronics,507,871,13,49,Male,0.15,February,Q1,171.79
2023-03-01 00:38:55.135135,East,Clothing,8587,1511,27,21,Female,0.05,March,Q1,17.6
2023-03-01 09:23:36.216216,South,Groceries,3055,1138,7,35,Male,0.0,March,Q1,37.25
2023-03-01 18:08:17.297297,North,Electronics,975,405,22,22,Female,0.05,March,Q1,41.54
2023-03-02 02:52:58.378378,West,Groceries,5916,284,74,37,Female,0.1,March,Q1,4.8
2023-03-02 11:37:39.459459,South,Groceries,10903,2324,53,40,Male,0.05,March,Q1,21.32
2023-03-02 20:22:20.540540,North,Furniture,9176,1598,79,28,Female,0.2,March,Q1,17.41
2023-03-03 05:07:01.621621,North,Electronics,7739,2146,79,54,Male,0.0,March,Q1,27.73
2023-03-03 13:51:42.702702,East,Electronics,7210,167,4,39,Female,0.05,March,Q1,2.32
2023-03-03 22:36:23.783783,East,Furniture,5500,2151,96,21,Male,0.1,March,Q1,39.11
2023-03-04 07:21:04.864864,North,Sports,5154,1723,23,46,Female,0.1,March,Q1,33.43
2023-03-04 16:05:45.945945,South,Furniture,8578,2662,70,61,Female,0.15,March,Q1,31.03
2023-03-05 00:50:27.027027,North,Electronics,6563,1117,88,51,Male,0.2,March,Q1,17.02
2023-03-05 09:35:08.108108,East,Furniture,2785,2150,84,30,Female,0.05,March,Q1,77.2
2023-03-05 18:19:49.189189,North,Furniture,5723,607,84,59,Male,0.0,March,Q1,10.61
2023-03-06 03:04:30.270270,East,Groceries,14021,1865,76,26,Male,0.0,March,Q1,13.3
2023-03-06 11:49:11.351351,South,Electronics,7471,2055,33,59,Male,0.1,March,Q1,27.51
2023-03-06 20:33:52.432432,West,Groceries,13255,2965,28,48,Male,0.15,March,Q1,22.37
2023-03-07 05:18:33.513513,North,Furniture,4025,447,8,24,Male,0.0,March,Q1,11.11
2023-03-07 14:03:14.594594,South,Sports,12031,724,1,21,Female,0.0,March,Q1,6.02
2023-03-07 22:47:55.675675,North,Clothing,3322,436,37,36,Female,0.0,March,Q1,13.12
2023-03-08 07:32:36.756756,West,Furniture,5443,2208,63,59,Female,0.15,March,Q1,40.57
2023-03-08 16:17:17.837837,West,Sports,7030,2711,22,47,Male,0.0,March,Q1,38.56
2023-03-09 01:01:58.918918,North,Electronics,11616,2114,70,48,Female,0.05,March,Q1,18.2
2023-03-09 09:46:40.000000,East,Sports,758,933,21,52,Female,0.05,March,Q1,123.09
2023-03-09 18:31:21.081081,West,Furniture,782,590,96,38,Female,0.15,March,Q1,75.45
2023-03-10 03:16:02.162162,East,Electronics,14437,220,35,48,Female,0.1,March,Q1,1.52
2023-03-10 12:00:43.243243,South,Clothing,2398,2506,79,36,Female,0.1,March,Q1,104.5
2023-03-10 20:45:24.324324,North,Groceries,4635,789,5,48,Male,0.0,March,Q1,17.02
2023-03-11 05:30:05.405405,North,Electronics,7129,1451,60,49,Male,0.05,March,Q1,20.35
2023-03-11 14:14:46.486486,West,Furniture,11668,2955,46,19,Female,0.1,March,Q1,25.33
2023-03-11 22:59:27.567567,West,Clothing,10959,2327,50,27,Male,0.2,March,Q1,21.23
2023-03-12 07:44:08.648648,East,Furniture,3700,168,48,19,Male,0.0,March,Q1,4.54
2023-03-12 16:28:49.729729,South,Electronics,5610,2881,6,19,Female,0.0,March,Q1,51.35
2023-03-13 01:13:30.810810,South,Groceries,7667,2562,89,41,Female,0.0,March,Q1,33.42
2023-03-13 09:58:11.891891,East,Sports,1112,2201,56,34,Male,0.0,March,Q1,197.93
2023-03-13 18:42:52.972972,West,Sports,14703,2795,59,49,Female,0.15,March,Q1,19.01
2023-03-14 03:27:34.054054,West,Groceries,1187,2045,29,33,Male,0.0,March,Q1,172.28
2023-03-14 12:12:15.135135,East,Electronics,4190,1755,71,33,Male,0.05,March,Q1,41.89
2023-03-14 20:56:56.216216,East,Groceries,9304,1772,77,63,Female,0.0,March,Q1,19.05
2023-03-15 05:41:37.297297,North,Electronics,2807,2272,18,56,Male,0.0,March,Q1,80.94
2023-03-15 14:26:18.378378,North,Electronics,7633,2842,2,48,Male,0.05,March,Q1,37.23
2023-03-15 23:10:59.459459,West,Clothing,11705,1747,8,60,Male,0.0,March,Q1,14.93
2023-03-16 07:55:40.540540,East,Clothing,7009,1494,75,41,Female,0.0,March,Q1,21.32
2023-03-16 16:40:21.621621,North,Groceries,10473,1809,97,18,Female,0.1,March,Q1,17.27
2023-03-17 01:25:02.702702,North,Furniture,6406,1574,54,28,Female,0.05,March,Q1,24.57
2023-03-17 10:09:43.783783,East,Clothing,3091,714,38,38,Female,0.0,March,Q1,23.1
2023-03-17 18:54:24.864864,North,Electronics,11388,82,48,21,Male,0.2,March,Q1,0.72
2023-03-18 03:39:05.945945,North,Sports,14335,2152,27,24,Female,0.1,March,Q1,15.01
2023-03-18 12:23:47.027027,South,Clothing,14718,2616,20,43,Female,0.1,March,Q1,17.77
2023-03-18 21:08:28.108108,East,Clothing,12650,2853,12,64,Female,0.0,March,Q1,22.55
2023-03-19 05:53:09.189189,East,Electronics,7683,2109,43,29,Female,0.0,March,Q1,27.45
2023-03-19 14:37:50.270270,North,Groceries,5748,1601,61,48,Male,0.0,March,Q1,27.85
2023-03-19 23:22:31.351351,East,Furniture,9266,769,31,34,Male,0.0,March,Q1,8.3
2023-03-20 08:07:12.432432,North,Electronics,10602,2652,91,50,Male,0.05,March,Q1,25.01
2023-03-20 16:51:53.513513,South,Electronics,5608,2470,96,28,Female,0.2,March,Q1,44.04
2023-03-21 01:36:34.594594,East,Furniture,4104,533,61,45,Female,0.05,March,Q1,12.99
2023-03-21 10:21:15.675675,East,Furniture,1169,1022,74,49,Male,0.0,March,Q1,87.43
2023-03-21 19:05:56.756756,West,Electronics,4864,2720,67,18,Female,0.05,March,Q1,55.92
2023-03-22 03:50:37.837837,East,Sports,7829,356,91,64,Female,0.0,March,Q1,4.55
2023-03-22 12:35:18.918918,East,Electronics,1783,506,35,45,Male,0.1,March,Q1,28.38
2023-03-22 21:20:00.000000,North,Clothing,1423,2257,95,59,Male,0.05,March,Q1,158.61
2023-03-23 06:04:41.081081,South,Sports,1625,380,15,24,Female,0.1,March,Q1,23.38
2023-03-23 14:49:22.162162,North,Clothing,2029,2873,16,19,Female,0.2,March,Q1,141.6
2023-03-23 23:34:03.243243,North,Furniture,14546,274,13,59,Female,0.0,March,Q1,1.88
2023-03-24 08:18:44.324324,West,Clothing,10286,2826,35,41,Male,0.05,March,Q1,27.47
2023-03-24 17:03:25.405405,South,Electronics,8938,1529,75,21,Male,0.2,March,Q1,17.11
2023-03-25 01:48:06.486486,West,Sports,4211,1132,59,61,Male,0.1,March,Q1,26.88
2023-03-25 10:32:47.567567,East,Clothing,8504,693,21,36,Male,0.05,March,Q1,8.15
2023-03-25 19:17:28.648648,East,Groceries,10252,665,54,43,Female,0.2,March,Q1,6.49
2023-03-26 04:02:09.729729,South,Electronics,6774,244,75,28,Male,0.0,March,Q1,3.6
2023-03-26 12:46:50.810810,East,Electronics,11092,538,30,57,Male,0.2,March,Q1,4.85
2023-03-26 21:31:31.891891,South,Electronics,10935,2254,48,60,Female,0.0,March,Q1,20.61
2023-03-27 06:16:12.972972,North,Furniture,4364,2707,35,28,Female,0.05,March,Q1,62.03
2023-03-27 15:00:54.054054,East,Clothing,10631,1299,86,62,Female,0.15,March,Q1,12.22
2023-03-27 23:45:35.135135,North,Groceries,13717,2509,38,20,Male,0.0,March,Q1,18.29
2023-03-28 08:30:16.216216,North,Clothing,8333,1152,31,29,Female,0.05,March,Q1,13.82
2023-03-28 17:14:57.297297,East,Sports,11761,1197,78,20,Female,0.0,March,Q1,10.18
2023-03-29 01:59:38.378378,North,Electronics,7288,2568,24,59,Male,0.2,March,Q1,35.24
2023-03-29 10:44:19.459459,West,Groceries,726,1291,49,44,Male,0.15,March,Q1,177.82
2023-03-29 19:29:00.540540,West,Groceries,12239,565,96,19,Female,0.1,March,Q1,4.62
2023-03-30 04:13:41.621621,West,Groceries,764,1675,32,33,Male,0.05,March,Q1,219.24
2023-03-30 12:58:22.702702,South,Groceries,10087,1177,55,19,Female,0.15,March,Q1,11.67
2023-03-30 21:43:03.783783,North,Groceries,12249,442,79,47,Female,0.0,March,Q1,3.61
2023-03-31 06:27:44.864864,West,Furniture,14245,680,58,37,Male,0.05,March,Q1,4.77
2023-03-31 15:12:25.945945,South,Electronics,1145,1897,99,55,Female,0.1,March,Q1,165.68
2023-03-31 23:57:07.027027,West,Electronics,8044,2705,3,45,Male,0.0,March,Q1,33.63
2023-04-01 08:41:48.108108,West,Sports,14206,1029,80,42,Male,0.0,April,Q2,7.24
2023-04-01 17:26:29.189189,West,Furniture,6069,483,69,49,Male,0.0,April,Q2,7.96
2023-04-02 02:11:10.270270,North,Groceries,3490,2637,85,27,Female,0.0,April,Q2,75.56
2023-04-02 10:55:51.351351,South,Clothing,14175,327,10,59,Male,0.15,April,Q2,2.31
2023-04-02 19:40:32.432432,West,Electronics,10591,282,83,57,Male,0.05,April,Q2,2.66
2023-04-03 04:25:13.513513,South,Electronics,3004,1602,25,50,Female,0.1,April,Q2,53.33
2023-04-03 13:09:54.594594,North,Furniture,11464,1644,68,30,Female,0.0,April,Q2,14.34
2023-04-03 21:54:35.675675,East,Clothing,14037,1163,61,58,Female,0.0,April,Q2,8.29
2023-04-04 06:39:16.756756,West,Electronics,13769,2459,29,59,Female,0.0,April,Q2,17.86
2023-04-04 15:23:57.837837,East,Clothing,9846,75,19,64,Male,0.1,April,Q2,0.76
2023-04-05 00:08:38.918918,East,Electronics,1087,1467,43,54,Male,0.1,April,Q2,134.96
2023-04-05 08:53:20.000000,North,Furniture,13263,2604,66,33,Male,0.2,April,Q2,19.63
2023-04-05 17:38:01.081081,East,Electronics,10513,2364,74,62,Female,0.1,April,Q2,22.49
2023-04-06 02:22:42.162162,West,Groceries,9677,510,61,39,Female,0.05,April,Q2,5.27
2023-04-06 11:07:23.243243,North,Clothing,4579,2553,43,37,Male,0.1,April,Q2,55.75
2023-04-06 19:52:04.324324,South,Clothing,3848,1141,25,60,Female,0.2,April,Q2,29.65
2023-04-07 04:36:45.405405,West,Electronics,6799,1056,20,44,Female,0.1,April,Q2,15.53
2023-04-07 13:21:26.486486,East,Electronics,4331,2960,48,58,Male,0.0,April,Q2,68.34
2023-04-07 22:06:07.567567,East,Clothing,9933,2044,83,33,Male,0.05,April,Q2,20.58
2023-04-08 06:50:48.648648,East,Clothing,8881,540,87,51,Female,0.1,April,Q2,6.08
2023-04-08 15:35:29.729729,South,Furniture,14228,1122,24,49,Female,0.1,April,Q2,7.89
2023-04-09 00:20:10.810810,North,Electronics,9672,2661,11,43,Female,0.0,April,Q2,27.51
2023-04-09 09:04:51.891891,West,Furniture,10390,265,98,42,Male,0.15,April,Q2,2.55
2023-04-09 17:49:32.972972,West,Groceries,2215,1773,55,19,Male,0.2,April,Q2,80.05
2023-04-10 02:34:14.054054,West,Groceries,11285,1642,28,29,Male,0.0,April,Q2,14.55
2023-04-10 11:18:55.135135,West,Electronics,12828,2656,69,57,Male,0.15,April,Q2,20.7
2023-04-10 20:03:36.216216,South,Clothing,6950,208,63,26,Male,0.0,April,Q2,2.99
2023-04-11 04:48:17.297297,South,Electronics,13730,2586,59,29,Female,0.0,April,Q2,18.83
2023-04-11 13:32:58.378378,East,Electronics,13125,735,5,43,Female,0.0,April,Q2,5.6
2023-04-11 22:17:39.459459,East,Sports,5933,2891,51,26,Female,0.0,April,Q2,48.73
2023-04-12 07:02:20.540540,East,Electronics,1598,1826,21,27,Male,0.15,April,Q2,114.27
2023-04-12 15:47:01.621621,East,Clothing,7596,2102,12,49,Male,0.0,April,Q2,27.67
2023-04-13 00:31:42.702702,West,Furniture,2826,1893,50,51,Male,0.0,April,Q2,66.99
2023-04-13 09:16:23.783783,South,Groceries,11939,2458,4,37,Female,0.0,April,Q2,20.59
2023-04-13 18:01:04.864864,South,Furniture,9587,2556,42,56,Male,0.0,April,Q2,26.66
2023-04-14 02:45:45.945945,North,Electronics,6916,2345,84,19,Male,0.0,April,Q2,33.91
2023-04-14 11:30:27.027027,East,Clothing,7480,1639,38,18,Female,0.1,April,Q2,21.91
2023-04-14 20:15:08.108108,North,Furniture,7263,1746,25,53,Male,0.0,April,Q2,24.04
2023-04-15 04:59:49.189189,South,Electronics,2174,2519,14,41,Female,0.15,April,Q2,115.87
2023-04-15 13:44:30.270270,South,Clothing,11601,1996,75,44,Male,0.15,April,Q2,17.21
2023-04-15 22:29:11.351351,North,Electronics,8450,2112,32,19,Male,0.0,April,Q2,24.99
2023-04-16 07:13:52.432432,East,Electronics,9622,2833,11,48,Female,0.15,April,Q2,29.44
2023-04-16 15:58:33.513513,North,Clothing,13076,1195,61,31,Female,0.0,April,Q2,9.14
2023-04-17 00:43:14.594594,North,Electronics,9415,2374,18,19,Female,0.0,April,Q2,25.22
2023-04-17 09:27:55.675675,West,Furniture,11632,1631,27,46,Female,0.0,April,Q2,14.02
2023-04-17 18:12:36.756756,South,Furniture,6549,2550,55,32,Female,0.0,April,Q2,38.94
2023-04-18 02:57:17.837837,North,Groceries,1589,2695,54,29,Female,0.05,April,Q2,169.6
2023-04-18 11:41:58.918918,South,Electronics,5078,2543,82,54,Male,0.1,April,Q2,50.08
2023-04-18 20:26:40.000000,East,Electronics,9627,2307,87,45,Male,0.0,April,Q2,23.96
2023-04-19 05:11:21.081081,North,Electronics,10987,2811,75,37,Female,0.1,April,Q2,25.58
2023-04-19 13:56:02.162162,East,Furniture,655,2399,21,56,Male,0.0,April,Q2,366.26
2023-04-19 22:40:43.243243,North,Groceries,9762,1982,44,41,Female,0.1,April,Q2,20.3
2023-04-20 07:25:24.324324,North,Electronics,2458,1807,5,38,Male,0.0,April,Q2,73.52
2023-04-20 16:10:05.405405,South,Sports,11193,2100,87,27,Female,0.0,April,Q2,18.76
2023-04-21 00:54:46.486486,South,Electronics,6844,1039,41,63,Male,0.0,April,Q2,15.18
2023-04-21 09:39:27.567567,East,Furniture,6279,1591,59,31,Male,0.0,April,Q2,25.34
2023-04-21 18:24:08.648648,East,Groceries,12911,1166,89,54,Male,0.05,April,Q2,9.03
2023-04-22 03:08:49.729729,West,Groceries,6644,2617,54,35,Male,0.15,April,Q2,39.39
2023-04-22 11:53:30.810810,South,Groceries,5563,542,74,41,Male,0.0,April,Q2,9.74
2023-04-22 20:38:11.891891,South,Groceries,4330,669,22,31,Female,0.1,April,Q2,15.45
2023-04-23 05:22:52.972972,East,Clothing,9546,2428,83,51,Female,0.1,April,Q2,25.43
2023-04-23 14:07:34.054054,North,Groceries,9331,2430,65,29,Female,0.15,April,Q2,26.04
2023-04-23 22:52:15.135135,South,Electronics,10930,2147,64,39,Male,0.0,April,Q2,19.64
2023-04-24 07:36:56.216216,North,Groceries,10294,1596,71,23,Female,0.05,April,Q2,15.5
2023-04-24 16:21:37.297297,North,Furniture,7159,912,4,53,Male,0.2,April,Q2,12.74
2023-04-25 01:06:18.378378,West,Groceries,941,1741,65,62,Male,0.1,April,Q2,185.02
2023-04-25 09:50:59.459459,West,Clothing,6540,1655,15,53,Male,0.0,April,Q2,25.31
2023-04-25 18:35:40.540540,East,Furniture,14626,2369,76,39,Female,0.0,April,Q2,16.2
2023-04-26 03:20:21.621621,South,Furniture,6425,629,22,31,Male,0.0,April,Q2,9.79
2023-04-26 12:05:02.702702,North,Groceries,14978,1940,86,33,Female,0.05,April,Q2,12.95
2023-04-26 20:49:43.783783,North,Electronics,7858,1325,47,53,Female,0.1,April,Q2,16.86
2023-04-27 05:34:24.864864,North,Electronics,5128,2657,81,42,Male,0.0,April,Q2,51.81
2023-04-27 14:19:05.945945,South,Electronics,6870,2793,93,49,Male,0.05,April,Q2,40.66
2023-04-27 23:03:47.027027,East,Electronics,10028,1905,46,50,Female,0.05,April,Q2,19.0
2023-04-28 07:48:28.108108,East,Groceries,12392,2543,14,62,Female,0.05,April,Q2,20.52
2023-04-28 16:33:09.189189,North,Electronics,1448,1405,50,53,Female,0.1,April,Q2,97.03
2023-04-29 01:17:50.270270,West,Sports,12065,1212,20,37,Female,0.15,April,Q2,10.05
2023-04-29 10:02:31.351351,East,Clothing,8679,406,50,35,Female,0.0,April,Q2,4.68
2023-04-29 18:47:12.432432,East,Electronics,6615,1674,33,55,Female,0.15,April,Q2,25.31
2023-04-30 03:31:53.513513,East,Groceries,959,2371,59,20,Male,0.0,April,Q2,247.24
2023-04-30 12:16:34.594594,South,Furniture,8068,2056,43,40,Female,0.0,April,Q2,25.48
2023-04-30 21:01:15.675675,North,Clothing,5146,2408,79,49,Female,0.0,April,Q2,46.79
2023-05-01 05:45:56.756756,South,Furniture,892,919,12,62,Female,0.0,May,Q2,103.03
2023-05-01 14:30:37.837837,East,Groceries,12630,935,40,33,Female,0.0,May,Q2,7.4
2023-05-01 23:15:18.918918,North,Electronics,2287,2051,20,22,Male,0.0,May,Q2,89.68
2023-05-02 08:00:00.000000,North,Sports,13632,2251,94,21,Male,0.15,May,Q2,16.51
2023-05-02 16:44:41.081081,North,Sports,7874,1463,38,38,Female,0.0,May,Q2,18.58
2023-05-03 01:29:22.162162,North,Furniture,10949,1333,3,57,Female,0.1,May,Q2,12.17
2023-05-03 10:14:03.243243,West,Electronics,1638,669,28,31,Female,0.0,May,Q2,40.84
2023-05-03 18:58:44.324324,East,Furniture,12500,932,56,56,Male,0.2,May,Q2,7.46
2023-05-04 03:43:25.405405,South,Electronics,5241,846,90,48,Male,0.1,May,Q2,16.14
2023-05-04 12:28:06.486486,North,Electronics,7918,2222,94,31,Male,0.0,May,Q2,28.06
2023-05-04 21:12:47.567567,South,Electronics,6862,1346,13,23,Male,0.1,May,Q2,19.62
2023-05-05 05:57:28.648648,South,Clothing,2954,668,77,29,Male,0.05,May,Q2,22.61
2023-05-05 14:42:09.729729,North,Groceries,10158,1884,66,33,Male,0.1,May,Q2,18.55
2023-05-05 23:26:50.810810,South,Groceries,4174,294,37,34,Female,0.05,May,Q2,7.04
2023-05-06 08:11:31.891891,South,Groceries,1877,2945,49,62,Male,0.1,May,Q2,156.9
2023-05-06 16:56:12.972972,East,Clothing,7201,2547,66,40,Male,0.1,May,Q2,35.37
2023-05-07 01:40:54.054054,East,Clothing,3097,979,36,31,Female,0.05,May,Q2,31.61
2023-05-07 10:25:35.135135,North,Clothing,641,1320,54,24,Male,0.0,May,Q2,205.93
2023-05-07 19:10:16.216216,South,Sports,3159,569,26,63,Female,0.15,May,Q2,18.01
2023-05-08 03:54:57.297297,East,Electronics,5096,2459,75,49,Male,0.0,May,Q2,48.25
2023-05-08 12:39:38.378378,South,Groceries,9531,57,72,32,Female,0.05,May,Q2,0.6
2023-05-08 21:24:19.459459,West,Furniture,12310,2575,40,61,Female,0.0,May,Q2,20.92
2023-05-09 06:09:00.540540,East,Clothing,14470,2069,43,34,Female,0.05,May,Q2,14.3
2023-05-09 14:53:41.621621,North,Groceries,6161,544,22,58,Female,0.2,May,Q2,8.83
2023-05-09 23:38:22.702702,North,Clothing,6642,1679,20,64,Female,0.0,May,Q2,25.28
2023-05-10 08:23:03.783783,East,Groceries,12609,2930,8,61,Male,0.0,May,Q2,23.24
2023-05-10 17:07:44.864864,North,Sports,6126,1112,29,51,Male,0.1,May,Q2,18.15
2023-05-11 01:52:25.945945,East,Clothing,9287,2690,40,22,Female,0.15,May,Q2,28.97
2023-05-11 10:37:07.027027,West,Electronics,10596,236,90,62,Female,0.05,May,Q2,2.23
2023-05-11 19:21:48.108108,East,Furniture,8972,2851,30,44,Female,0.0,May,Q2,31.78
2023-05-12 04:06:29.189189,South,Sports,923,1927,81,40,Male,0.2,May,Q2,208.78
2023-05-12 12:51:10.270270,East,Electronics,7499,2190,84,57,Female,0.1,May,Q2,29.2
2023-05-12 21:35:51.351351,South,Furniture,13057,135,55,31,Female,0.0,May,Q2,1.03
2023-05-13 06:20:32.432432,South,Furniture,4749,186,16,32,Female,0.0,May,Q2,3.92
2023-05-13 15:05:13.513513,West,Groceries,2250,2518,46,60,Female,0.05,May,Q2,111.91
2023-05-13 23:49:54.594594,South,Electronics,5257,2171,62,50,Male,0.0,May,Q2,41.3
2023-05-14 08:34:35.675675,West,Groceries,2467,1686,7,48,Female,0.0,May,Q2,68.34
2023-05-14 17:19:16.756756,West,Sports,4588,2268,80,52,Female,0.15,May,Q2,49.43
2023-05-15 02:03:57.837837,North,Electronics,4678,1801,45,34,Male,0.0,May,Q2,38.5
2023-05-15 10:48:38.918918,North,Electronics,8289,2267,59,45,Female,0.1,May,Q2,27.35
2023-05-15 19:33:20.000000,North,Sports,3446,1837,56,36,Female,0.0,May,Q2,53.31
2023-05-16 04:18:01.081081,North,Electronics,10141,921,48,63,Male,0.1,May,Q2,9.08
2023-05-16 13:02:42.162162,North,Groceries,5894,2419,27,40,Male,0.1,May,Q2,41.04
2023-05-16 21:47:23.243243,East,Clothing,8380,2553,53,49,Male,0.0,May,Q2,30.47
2023-05-17 06:32:04.324324,North,Electronics,11023,993,87,57,Female,0.05,May,Q2,9.01
2023-05-17 15:16:45.405405,South,Groceries,5575,1676,88,30,Female,0.0,May,Q2,30.06
2023-05-18 00:01:26.486486,West,Clothing,10912,2887,73,37,Male,0.15,May,Q2,26.46
2023-05-18 08:46:07.567567,North,Furniture,12481,2710,35,52,Male,0.15,May,Q2,21.71
2023-05-18 17:30:48.648648,West,Clothing,7730,2986,51,22,Male,0.05,May,Q2,38.63
2023-05-19 02:15:29.729729,North,Furniture,11502,398,84,26,Female,0.05,May,Q2,3.46
2023-05-19 11:00:10.810810,North,Electronics,14447,1726,37,46,Female,0.0,May,Q2,11.95
2023-05-19 19:44:51.891891,East,Clothing,14186,1246,81,23,Male,0.1,May,Q2,8.78
2023-05-20 04:29:32.972972,East,Sports,13420,59,95,42,Female,0.0,May,Q2,0.44
2023-05-20 13:14:14.054054,West,Electronics,2031,2837,57,48,Male,0.0,May,Q2,139.68
2023-05-20 21:58:55.135135,East,Furniture,13574,1511,8,39,Female,0.05,May,Q2,11.13
2023-05-21 06:43:36.216216,West,Clothing,3490,716,79,19,Female,0.0,May,Q2,20.52
2023-05-21 15:28:17.297297,North,Groceries,7655,2643,95,62,Female,0.1,May,Q2,34.53
2023-05-22 00:12:58.378378,North,Electronics,4993,1572,94,22,Female,0.0,May,Q2,31.48
2023-05-22 08:57:39.459459,East,Sports,9835,2226,20,44,Male,0.1,May,Q2,22.63
2023-05-22 17:42:20.540540,West,Clothing,1433,650,53,42,Female,0.0,May,Q2,45.36
2023-05-23 02:27:01.621621,West,Electronics,1960,2702,12,25,Female,0.0,May,Q2,137.86
2023-05-23 11:11:42.702702,South,Electronics,14640,376,49,18,Male,0.1,May,Q2,2.57
2023-05-23 19:56:23.783783,South,Electronics,3223,1029,17,37,Female,0.2,May,Q2,31.93
2023-05-24 04:41:04.864864,East,Furniture,11204,2501,64,61,Male,0.1,May,Q2,22.32
2023-05-24 13:25:45.945945,South,Clothing,785,678,42,40,Male,0.0,May,Q2,86.37
2023-05-24 22:10:27.027027,West,Groceries,764,1679,94,49,Female,0.0,May,Q2,219.76
2023-05-25 06:55:08.108108,West,Clothing,11059,2815,29,28,Female,0.15,May,Q2,25.45
2023-05-25 15:39:49.189189,South,Electronics,7316,323,19,56,Male,0.05,May,Q2,4.41
2023-05-26 00:24:30.270270,East,Furniture,12139,734,11,64,Male,0.0,May,Q2,6.05
2023-05-26 09:09:11.351351,East,Groceries,14924,165,98,41,Male,0.15,May,Q2,1.11
2023-05-26 17:53:52.432432,North,Electronics,14465,910,50,28,Female,0.15,May,Q2,6.29
2023-05-27 02:38:33.513513,West,Electronics,14014,2053,71,46,Male,0.2,May,Q2,14.65
2023-05-27 11:23:14.594594,South,Electronics,13608,742,58,43,Male,0.2,May,Q2,5.45
2023-05-27 20:07:55.675675,West,Groceries,2262,1155,34,33,Male,0.15,May,Q2,51.06
2023-05-28 04:52:36.756756,South,Furniture,11740,2421,20,52,Female,0.0,May,Q2,20.62
2023-05-28 13:37:17.837837,West,Clothing,11073,2211,50,37,Male,0.0,May,Q2,19.97
2023-05-28 22:21:58.918918,South,Groceries,10961,1842,88,63,Female,0.05,May,Q2,16.81
2023-05-29 07:06:40.000000,North,Groceries,540,203,10,20,Female,0.05,May,Q2,37.59
2023-05-29 15:51:21.081081,West,Furniture,6327,1950,32,18,Male,0.05,May,Q2,30.82
2023-05-30 00:36:02.162162,North,Groceries,8759,1477,52,64,Female,0.0,May,Q2,16.86
2023-05-30 09:20:43.243243,South,Electronics,1487,1339,15,18,Male,0.05,May,Q2,90.05
2023-05-30 18:05:24.324324,West,Electronics,14587,364,84,34,Female,0.05,May,Q2,2.5
2023-05-31 02:50:05.405405,West,Electronics,8304,1114,3,19,Female,0.0,May,Q2,13.42
2023-05-31 11:34:46.486486,East,Electronics,8289,154,37,46,Male,0.0,May,Q2,1.86
2023-05-31 20:19:27.567567,East,Furniture,6217,1974,40,37,Male,0.05,May,Q2,31.75
2023-06-01 05:04:08.648648,South,Sports,12700,1963,72,23,Male,0.1,June,Q2,15.46
2023-06-01 13:48:49.729729,North,Electronics,14443,1266,40,25,Female,0.0,June,Q2,8.77
2023-06-01 22:33:30.810810,South,Electronics,3698,1474,56,46,Female,0.05,June,Q2,39.86
2023-06-02 07:18:11.891891,East,Clothing,5874,2451,23,50,Male,0.1,June,Q2,41.73
2023-06-02 16:02:52.972972,East,Sports,5290,1822,11,20,Male,0.05,June,Q2,34.44
2023-06-03 00:47:34.054054,East,Clothing,7683,2010,64,52,Female,0.0,June,Q2,26.16
2023-06-03 09:32:15.135135,East,Furniture,3024,2830,8,22,Female,0.05,June,Q2,93.58
2023-06-03 18:16:56.216216,North,Electronics,9777,1653,93,44,Female,0.0,June,Q2,16.91
2023-06-04 03:01:37.297297,South,Electronics,2979,758,94,61,Male,0.2,June,Q2,25.44
2023-06-04 11:46:18.378378,North,Sports,10385,700,56,29,Female,0.0,June,Q2,6.74
2023-06-04 20:30:59.459459,South,Sports,11007,2921,60,37,Male,0.1,June,Q2,26.54
2023-06-05 05:15:40.540540,South,Electronics,5654,996,10,62,Female,0.0,June,Q2,17.62
2023-06-05 14:00:21.621621,West,Sports,1278,710,39,37,Female,0.05,June,Q2,55.56
2023-06-05 22:45:02.702702,South,Furniture,13281,2196,28,26,Male,0.05,June,Q2,16.53
2023-06-06 07:29:43.783783,North,Groceries,10277,2685,49,56,Male,0.0,June,Q2,26.13
2023-06-06 16:14:24.864864,North,Clothing,1992,2379,36,21,Male,0.05,June,Q2,119.43
2023-06-07 00:59:05.945945,East,Furniture,14578,2500,13,36,Female,0.0,June,Q2,17.15
2023-06-07 09:43:47.027027,East,Clothing,1160,1182,96,55,Female,0.0,June,Q2,101.9
2023-06-07 18:28:28.108108,North,Furniture,1848,749,36,44,Female,0.1,June,Q2,40.53
2023-06-08 03:13:09.189189,North,Electronics,14115,2296,26,62,Male,0.0,June,Q2,16.27
2023-06-08 11:57:50.270270,East,Electronics,9991,2088,86,60,Female,0.15,June,Q2,20.9
2023-06-08 20:42:31.351351,North,Clothing,12632,2424,4,30,Male,0.1,June,Q2,19.19
2023-06-09 05:27:12.432432,West,Groceries,10678,2251,95,30,Male,0.05,June,Q2,21.08
2023-06-09 14:11:53.513513,East,Electronics,8351,601,82,39,Male,0.0,June,Q2,7.2
2023-06-09 22:56:34.594594,North,Furniture,7656,454,64,45,Female,0.05,June,Q2,5.93
2023-06-10 07:41:15.675675,North,Sports,2544,511,38,64,Female,0.1,June,Q2,20.09
2023-06-10 16:25:56.756756,West,Electronics,7868,2229,88,62,Male,0.0,June,Q2,28.33
2023-06-11 01:10:37.837837,South,Furniture,4016,2888,87,39,Female,0.15,June,Q2,71.91
2023-06-11 09:55:18.918918,South,Clothing,14716,923,22,60,Male,0.0,June,Q2,6.27
2023-06-11 18:40:00.000000,West,Groceries,14135,133,2,36,Male,0.15,June,Q2,0.94
2023-06-12 03:24:41.081081,West,Electronics,9750,1472,31,25,Female,0.0,June,Q2,15.1
2023-06-12 12:09:22.162162,West,Furniture,9668,2851,11,25,Male,0.15,June,Q2,29.49
2023-06-12 20:54:03.243243,East,Groceries,5077,2725,92,59,Male,0.05,June,Q2,53.67
2023-06-13 05:38:44.324324,South,Sports,1227,270,46,43,Female,0.0,June,Q2,22.0
2023-06-13 14:23:25.405405,North,Furniture,11219,2650,96,43,Male,0.0,June,Q2,23.62
2023-06-13 23:08:06.486486,East,Clothing,11828,1441,62,40,Male,0.05,June,Q2,12.18
2023-06-14 07:52:47.567567,East,Furniture,13819,161,69,60,Male,0.2,June,Q2,1.17
2023-06-14 16:37:28.648648,South,Groceries,7968,664,64,30,Male,0.0,June,Q2,8.33
2023-06-15 01:22:09.729729,West,Furniture,842,1631,10,45,Male,0.0,June,Q2,193.71
2023-06-15 10:06:50.810810,North,Electronics,1947,524,40,26,Male,0.05,June,Q2,26.91
2023-06-15 18:51:31.891891,South,Sports,11071,2933,24,37,Male,0.05,June,Q2,26.49
2023-06-16 03:36:12.972972,North,Furniture,7081,1963,99,36,Female,0.05,June,Q2,27.72
2023-06-16 12:20:54.054054,South,Furniture,12351,320,44,56,Female,0.1,June,Q2,2.59
2023-06-16 21:05:35.135135,North,Electronics,6817,2518,60,29,Male,0.0,June,Q2,36.94
2023-06-17 05:50:16.216216,North,Furniture,1026,1970,62,32,Male,0.2,June,Q2,192.01
2023-06-17 14:34:57.297297,North,Clothing,10588,2804,87,48,Female,0.05,June,Q2,26.48
2023-06-17 23:19:38.378378,East,Furniture,13446,1440,17,31,Female,0.0,June,Q2,10.71
2023-06-18 08:04:19.459459,East,Electronics,10765,89,65,28,Female,0.1,June,Q2,0.83
2023-06-18 16:49:00.540540,East,Furniture,13607,2032,95,43,Female,0.1,June,Q2,14.93
2023-06-19 01:33:41.621621,West,Sports,7248,2286,95,59,Female,0.0,June,Q2,31.54
2023-06-19 10:18:22.702702,South,Electronics,905,1043,57,44,Male,0.1,June,Q2,115.25
2023-06-19 19:03:03.783783,North,Sports,8486,2062,55,28,Female,0.0,June,Q2,24.3
2023-06-20 03:47:44.864864,West,Clothing,10265,2633,53,55,Female,0.05,June,Q2,25.65
2023-06-20 12:32:25.945945,North,Groceries,14599,339,56,51,Female,0.15,June,Q2,2.32
2023-06-20 21:17:07.027027,West,Groceries,13292,2530,98,60,Male,0.0,June,Q2,19.03
2023-06-21 06:01:48.108108,North,Furniture,4240,2568,9,36,Male,0.0,June,Q2,60.57
2023-06-21 14:46:29.189189,West,Groceries,12966,2725,22,23,Male,0.15,June,Q2,21.02
2023-06-21 23:31:10.270270,North,Groceries,12919,328,13,63,Male,0.2,June,Q2,2.54
2023-06-22 08:15:51.351351,West,Clothing,2346,2974,89,55,Male,0.05,June,Q2,126.77
2023-06-22 17:00:32.432432,South,Clothing,1978,630,48,59,Male,0.05,June,Q2,31.85
2023-06-23 01:45:13.513513,West,Furniture,11087,912,18,45,Female,0.05,June,Q2,8.23
2023-06-23 10:29:54.594594,North,Groceries,1271,303,76,18,Male,0.2,June,Q2,23.84
2023-06-23 19:14:35.675675,East,Groceries,6025,230,40,52,Male,0.15,June,Q2,3.82
2023-06-24 03:59:16.756756,West,Groceries,14911,730,17,57,Female,0.0,June,Q2,4.9
2023-06-24 12:43:57.837837,South,Clothing,9270,874,15,25,Male,0.05,June,Q2,9.43
2023-06-24 21:28:38.918918,East,Groceries,11593,749,15,64,Female,0.05,June,Q2,6.46
2023-06-25 06:13:20.000000,East,Electronics,14303,2663,79,24,Female,0.1,June,Q2,18.62
2023-06-25 14:58:01.081081,South,Furniture,693,1399,63,28,Male,0.1,June,Q2,201.88
2023-06-25 23:42:42.162162,East,Electronics,2507,1430,39,56,Female,0.1,June,Q2,57.04
2023-06-26 08:27:23.243243,East,Clothing,1685,1723,13,21,Female,0.2,June,Q2,102.26
2023-06-26 17:12:04.324324,West,Clothing,2894,2777,81,42,Female,0.0,June,Q2,95.96
2023-06-27 01:56:45.405405,North,Clothing,11690,2488,32,29,Female,0.0,June,Q2,21.28
2023-06-27 10:41:26.486486,North,Furniture,14172,1688,9,43,Male,0.05,June,Q2,11.91
2023-06-27 19:26:07.567567,West,Clothing,10484,2007,40,55,Female,0.0,June,Q2,19.14
2023-06-28 04:10:48.648648,West,Clothing,9802,261,20,63,Male,0.0,June,Q2,2.66
2023-06-28 12:55:29.729729,South,Electronics,4505,1588,90,29,Female,0.0,June,Q2,35.25
2023-06-28 21:40:10.810810,East,Clothing,7929,433,91,60,Female,0.1,June,Q2,5.46
2023-06-29 06:24:51.891891,North,Electronics,2761,1764,85,54,Female,0.15,June,Q2,63.89
2023-06-29 15:09:32.972972,North,Electronics,4236,391,82,63,Male,0.05,June,Q2,9.23
2023-06-29 23:54:14.054054,South,Furniture,12485,1888,77,41,Male,0.05,June,Q2,15.12
2023-06-30 08:38:55.135135,South,Furniture,10628,2037,80,33,Male,0.0,June,Q2,19.17
2023-06-30 17:23:36.216216,East,Furniture,7216,893,73,30,Female,0.1,June,Q2,12.38
2023-07-01 02:08:17.297297,North,Clothing,5375,1584,63,42,Female,0.1,July,Q3,29.47
2023-07-01 10:52:58.378378,West,Clothing,13049,469,76,21,Female,0.05,July,Q3,3.59
2023-07-01 19:37:39.459459,West,Groceries,9421,2848,44,28,Female,0.0,July,Q3,30.23
2023-07-02 04:22:20.540540,East,Furniture,4878,2038,38,49,Male,0.0,July,Q3,41.78
2023-07-02 13:07:01.621621,South,Clothing,8315,1982,83,24,Female,0.0,July,Q3,23.84
2023-07-02 21:51:42.702702,South,Electronics,14278,1899,60,63,Male,0.05,July,Q3,13.3
2023-07-03 06:36:23.783783,West,Clothing,3951,355,71,28,Female,0.15,July,Q3,8.99
2023-07-03 15:21:04.864864,East,Clothing,13149,2799,99,45,Male,0.15,July,Q3,21.29
2023-07-04 00:05:45.945945,North,Clothing,8116,918,48,58,Male,0.05,July,Q3,11.31
2023-07-04 08:50:27.027027,West,Furniture,13228,2634,18,40,Female,0.1,July,Q3,19.91
2023-07-04 17:35:08.108108,West,Furniture,10832,1185,16,62,Female,0.2,July,Q3,10.94
2023-07-05 02:19:49.189189,West,Furniture,10336,1484,55,40,Male,0.0,July,Q3,14.36
2023-07-05 11:04:30.270270,East,Groceries,3300,255,39,45,Female,0.0,July,Q3,7.73
2023-07-05 19:49:11.351351,East,Groceries,13654,545,68,60,Female,0.2,July,Q3,3.99
2023-07-06 04:33:52.432432,South,Groceries,14235,1959,59,64,Male,0.0,July,Q3,13.76
2023-07-06 13:18:33.513513,West,Sports,8833,2601,89,43,Male,0.2,July,Q3,29.45
2023-07-06 22:03:14.594594,West,Electronics,5910,1095,96,42,Male,0.2,July,Q3,18.53
2023-07-07 06:47:55.675675,North,Electronics,1955,262,62,46,Male,0.1,July,Q3,13.4
2023-07-07 15:32:36.756756,North,Electronics,7392,359,13,36,Female,0.15,July,Q3,4.86
2023-07-08 00:17:17.837837,South,Furniture,14663,2758,81,50,Male,0.1,July,Q3,18.81
2023-07-08 09:01:58.918918,West,Groceries,14635,2041,6,53,Male,0.1,July,Q3,13.95
2023-07-08 17:46:40.000000,West,Electronics,6308,2850,83,31,Male,0.0,July,Q3,45.18
2023-07-09 02:31:21.081081,North,Sports,7296,321,77,31,Female,0.0,July,Q3,4.4
2023-07-09 11:16:02.162162,East,Electronics,5296,1872,60,52,Male,0.0,July,Q3,35.35
2023-07-09 20:00:43.243243,South,Sports,5593,2129,90,47,Female,0.1,July,Q3,38.07
2023-07-10 04:45:24.324324,West,Clothing,10788,492,14,45,Male,0.0,July,Q3,4.56
2023-07-10 13:30:05.405405,West,Electronics,1825,2259,95,34,Male,0.0,July,Q3,123.78
2023-07-10 22:14:46.486486,West,Clothing,5476,2864,54,20,Female,0.0,July,Q3,52.3
2023-07-11 06:59:27.567567,South,Electronics,9905,303,4,33,Male,0.1,July,Q3,3.06
2023-07-11 15:44:08.648648,South,Electronics,1659,570,39,63,Male,0.2,July,Q3,34.36
2023-07-12 00:28:49.729729,North,Clothing,5150,1026,72,47,Female,0.2,July,Q3,19.92
2023-07-12 09:13:30.810810,North,Groceries,13191,59,25,46,Male,0.05,July,Q3,0.45
2023-07-12 17:58:11.891891,West,Furniture,5487,2823,77,62,Male,0.15,July,Q3,51.45
2023-07-13 02:42:52.972972,West,Clothing,5197,2602,32,32,Male,0.1,July,Q3,50.07
2023-07-13 11:27:34.054054,West,Furniture,14618,2882,59,63,Male,0.05,July,Q3,19.72
2023-07-13 20:12:15.135135,West,Groceries,840,1633,63,42,Female,0.05,July,Q3,194.4
2023-07-14 04:56:56.216216,East,Electronics,4328,2533,38,55,Male,0.0,July,Q3,58.53
2023-07-14 13:41:37.297297,East,Clothing,2468,1184,92,59,Female,0.2,July,Q3,47.97
2023-07-14 22:26:18.378378,West,Electronics,1203,202,53,64,Male,0.0,July,Q3,16.79
2023-07-15 07:10:59.459459,West,Electronics,13105,1708,94,55,Female,0.05,July,Q3,13.03
2023-07-15 15:55:40.540540,North,Furniture,5982,2966,67,40,Male,0.1,July,Q3,49.58
2023-07-16 00:40:21.621621,South,Electronics,11121,2850,28,42,Female,0.0,July,Q3,25.63
2023-07-16 09:25:02.702702,North,Furniture,6876,1906,3,59,Male,0.0,July,Q3,27.72
2023-07-16 18:09:43.783783,West,Groceries,2300,1264,98,24,Female,0.1,July,Q3,54.96
2023-07-17 02:54:24.864864,East,Electronics,5963,1802,80,39,Female,0.0,July,Q3,30.22
2023-07-17 11:39:05.945945,North,Furniture,14360,2660,22,34,Male,0.1,July,Q3,18.52
2023-07-17 20:23:47.027027,East,Electronics,5412,1154,96,35,Female,0.05,July,Q3,21.32
2023-07-18 05:08:28.108108,East,Sports,5148,2586,38,58,Male,0.1,July,Q3,50.23
2023-07-18 13:53:09.189189,South,Clothing,1355,944,72,27,Male,0.1,July,Q3,69.67
2023-07-18 22:37:50.270270,North,Groceries,10504,1161,72,27,Male,0.05,July,Q3,11.05
2023-07-19 07:22:31.351351,East,Furniture,3366,153,62,24,Male,0.05,July,Q3,4.55
2023-07-19 16:07:12.432432,South,Electronics,12334,1964,57,55,Male,0.1,July,Q3,15.92
2023-07-20 00:51:53.513513,East,Furniture,682,1056,6,44,Female,0.1,July,Q3,154.84
2023-07-20 09:36:34.594594,South,Sports,3612,456,78,50,Male,0.1,July,Q3,12.62
2023-07-20 18:21:15.675675,West,Furniture,6170,1451,32,18,Male,0.15,July,Q3,23.52
2023-07-21 03:05:56.756756,East,Groceries,4992,216,99,61,Male,0.0,July,Q3,4.33
2023-07-21 11:50:37.837837,East,Groceries,6323,558,10,51,Male,0.05,July,Q3,8.82
2023-07-21 20:35:18.918918,West,Electronics,2017,1711,3,21,Male,0.2,July,Q3,84.83
2023-07-22 05:20:00.000000,South,Electronics,5502,2410,59,34,Male,0.0,July,Q3,43.8
2023-07-22 14:04:41.081081,North,Furniture,1856,812,76,21,Female,0.0,July,Q3,43.75
2023-07-22 22:49:22.162162,North,Clothing,10866,730,49,60,Female,0.05,July,Q3,6.72
2023-07-23 07:34:03.243243,East,Groceries,4129,2574,59,43,Male,0.0,July,Q3,62.34
2023-07-23 16:18:44.324324,East,Sports,4128,2170,31,21,Female,0.0,July,Q3,52.57
2023-07-24 01:03:25.405405,East,Clothing,12788,1214,93,18,Male,0.2,July,Q3,9.49
2023-07-24 09:48:06.486486,North,Electronics,11931,631,69,24,Male,0.05,July,Q3,5.29
2023-07-24 18:32:47.567567,North,Groceries,12383,311,62,47,Male,0.0,July,Q3,2.51
2023-07-25 03:17:28.648648,North,Electronics,8710,1413,52,26,Male,0.2,July,Q3,16.22
2023-07-25 12:02:09.729729,South,Groceries,12095,1381,89,52,Male,0.2,July,Q3,11.42
2023-07-25 20:46:50.810810,East,Clothing,13371,2342,41,25,Female,0.05,July,Q3,17.52
2023-07-26 05:31:31.891891,South,Furniture,13243,1588,31,41,Female,0.0,July,Q3,11.99
2023-07-26 14:16:12.972972,South,Electronics,11696,610,85,36,Female,0.15,July,Q3,5.22
2023-07-26 23:00:54.054054,West,Furniture,6632,1149,84,53,Female,0.1,July,Q3,17.33
2023-07-27 07:45:35.135135,South,Clothing,9824,1953,22,60,Male,0.1,July,Q3,19.88
2023-07-27 16:30:16.216216,South,Furniture,12031,224,4,44,Female,0.15,July,Q3,1.86
2023-07-28 01:14:57.297297,East,Electronics,7088,2206,13,49,Male,0.1,July,Q3,31.12
2023-07-28 09:59:38.378378,South,Groceries,3811,2280,45,31,Female,0.0,July,Q3,59.83
2023-07-28 18:44:19.459459,East,Groceries,6548,241,42,35,Female,0.1,July,Q3,3.68
2023-07-29 03:29:00.540540,West,Electronics,12064,114,49,45,Female,0.0,July,Q3,0.94
2023-07-29 12:13:41.621621,West,Electronics,6746,1547,20,46,Female,0.1,July,Q3,22.93
2023-07-29 20:58:22.702702,North,Electronics,1487,1617,77,33,Male,0.1,July,Q3,108.74
2023-07-30 05:43:03.783783,West,Furniture,3821,2961,81,52,Female,0.0,July,Q3,77.49
2023-07-30 14:27:44.864864,South,Furniture,5115,1201,54,64,Female,0.05,July,Q3,23.48
2023-07-30 23:12:25.945945,North,Furniture,13646,1987,36,48,Male,0.0,July,Q3,14.56
2023-07-31 07:57:07.027027,South,Electronics,8865,418,97,21,Male,0.0,July,Q3,4.72
2023-07-31 16:41:48.108108,West,Clothing,14154,900,1,54,Female,0.1,July,Q3,6.36
2023-08-01 01:26:29.189189,South,Furniture,4241,92,15,34,Male,0.0,August,Q3,2.17
2023-08-01 10:11:10.270270,South,Clothing,3552,1957,77,56,Male,0.1,August,Q3,55.1
2023-08-01 18:55:51.351351,East,Sports,7074,2585,17,63,Male,0.0,August,Q3,36.54
2023-08-02 03:40:32.432432,North,Electronics,1226,127,24,43,Female,0.1,August,Q3,10.36
2023-08-02 12:25:13.513513,North,Furniture,4260,2923,58,56,Male,0.15,August,Q3,68.62
2023-08-02 21:09:54.594594,North,Clothing,6306,1874,72,58,Female,0.1,August,Q3,29.72
2023-08-03 05:54:35.675675,North,Clothing,2375,1343,91,21,Female,0.05,August,Q3,56.55
2023-08-03 14:39:16.756756,North,Groceries,7493,723,23,47,Female,0.2,August,Q3,9.65
2023-08-03 23:23:57.837837,North,Furniture,14469,750,46,47,Female,0.0,August,Q3,5.18
2023-08-04 08:08:38.918918,East,Sports,4533,808,72,39,Male,0.0,August,Q3,17.82
2023-08-04 16:53:20.000000,North,Electronics,5943,1973,8,28,Female,0.05,August,Q3,33.2
2023-08-05 01:38:01.081081,South,Electronics,1489,2825,59,19,Male,0.0,August,Q3,189.72
2023-08-05 10:22:42.162162,West,Groceries,4244,951,90,61,Female,0.2,August,Q3,22.41
2023-08-05 19:07:23.243243,South,Furniture,11378,2986,59,29,Male,0.0,August,Q3,26.24
2023-08-06 03:52:04.324324,East,Electronics,9111,1042,13,47,Female,0.1,August,Q3,11.44
2023-08-06 12:36:45.405405,North,Electronics,1093,1241,39,53,Male,0.1,August,Q3,113.54
2023-08-06 21:21:26.486486,North,Electronics,2274,2436,28,35,Female,0.0,August,Q3,107.12
2023-08-07 06:06:07.567567,North,Groceries,11151,2290,89,43,Female,0.1,August,Q3,20.54
2023-08-07 14:50:48.648648,North,Electronics,1435,1526,61,24,Male,0.0,August,Q3,106.34
2023-08-07 23:35:29.729729,North,Clothing,13895,2380,16,18,Female,0.05,August,Q3,17.13
2023-08-08 08:20:10.810810,North,Electronics,13924,439,2,43,Female,0.0,August,Q3,3.15
2023-08-08 17:04:51.891891,North,Clothing,4308,1049,82,40,Female,0.2,August,Q3,24.35
2023-08-09 01:49:32.972972,North,Electronics,831,574,17,43,Male,0.2,August,Q3,69.07
2023-08-09 10:34:14.054054,South,Furniture,12141,1905,30,62,Female,0.0,August,Q3,15.69
2023-08-09 19:18:55.135135,North,Electronics,8422,1556,13,23,Female,0.0,August,Q3,18.48
2023-08-10 04:03:36.216216,South,Groceries,3202,708,96,23,Male,0.1,August,Q3,22.11
2023-08-10 12:48:17.297297,South,Electronics,14876,2813,93,61,Male,0.0,August,Q3,18.91
2023-08-10 21:32:58.378378,East,Furniture,12698,940,94,25,Male,0.15,August,Q3,7.4
2023-08-11 06:17:39.459459,North,Groceries,6389,1531,82,41,Male,0.05,August,Q3,23.96
2023-08-11 15:02:20.540540,East,Furniture,5554,501,13,39,Male,0.0,August,Q3,9.02
2023-08-11 23:47:01.621621,East,Furniture,4368,2525,43,36,Female,0.15,August,Q3,57.81
2023-08-12 08:31:42.702702,North,Clothing,4700,1587,85,54,Female,0.05,August,Q3,33.77
2023-08-12 17:16:23.783783,West,Clothing,701,932,94,35,Female,0.2,August,Q3,132.95
2023-08-13 02:01:04.864864,West,Furniture,2997,362,21,48,Male,0.2,August,Q3,12.08
2023-08-13 10:45:45.945945,North,Sports,2342,889,55,54,Female,0.0,August,Q3,37.96
2023-08-13 19:30:27.027027,North,Furniture,10558,2616,81,47,Male,0.0,August,Q3,24.78
2023-08-14 04:15:08.108108,West,Furniture,10688,424,40,59,Male,0.2,August,Q3,3.97
2023-08-14 12:59:49.189189,East,Groceries,14077,500,83,50,Female,0.2,August,Q3,3.55
2023-08-14 21:44:30.270270,North,Clothing,9601,644,15,27,Male,0.0,August,Q3,6.71
2023-08-15 06:29:11.351351,North,Electronics,12997,1283,73,54,Male,0.15,August,Q3,9.87
2023-08-15 15:13:52.432432,South,Furniture,5158,549,52,29,Female,0.05,August,Q3,10.64
2023-08-15 23:58:33.513513,South,Sports,11881,513,74,47,Male,0.0,August,Q3,4.32
2023-08-16 08:43:14.594594,East,Electronics,8044,162,95,44,Male,0.15,August,Q3,2.01
2023-08-16 17:27:55.675675,South,Furniture,8218,1085,53,56,Female,0.0,August,Q3,13.2
2023-08-17 02:12:36.756756,South,Electronics,14351,2428,87,26,Male,0.2,August,Q3,16.92
2023-08-17 10:57:17.837837,East,Furniture,1270,1974,52,38,Male,0.0,August,Q3,155.43
2023-08-17 19:41:58.918918,North,Electronics,3655,189,30,29,Female,0.1,August,Q3,5.17
2023-08-18 04:26:40.000000,North,Clothing,11193,1474,33,46,Female,0.0,August,Q3,13.17
2023-08-18 13:11:21.081081,East,Groceries,11406,2999,57,50,Female,0.05,August,Q3,26.29
2023-08-18 21:56:02.162162,West,Clothing,13416,566,52,60,Female,0.1,August,Q3,4.22
2023-08-19 06:40:43.243243,South,Furniture,12277,2666,9,32,Male,0.0,August,Q3,21.72
2023-08-19 15:25:24.324324,South,Groceries,2128,1997,54,19,Male,0.05,August,Q3,93.84
2023-08-20 00:10:05.405405,North,Sports,14489,2943,1,56,Female,0.05,August,Q3,20.31
2023-08-20 08:54:46.486486,South,Electronics,886,2215,44,61,Male,0.0,August,Q3,250.0
2023-08-20 17:39:27.567567,South,Clothing,6531,937,99,35,Male,0.15,August,Q3,14.35
2023-08-21 02:24:08.648648,North,Electronics,12113,1391,75,20,Female,0.0,August,Q3,11.48
2023-08-21 11:08:49.729729,North,Sports,6939,99,98,24,Female,0.05,August,Q3,1.43
2023-08-21 19:53:30.810810,South,Sports,6901,68,80,60,Male,0.05,August,Q3,0.99
2023-08-22 04:38:11.891891,North,Furniture,13892,775,9,35,Female,0.05,August,Q3,5.58
2023-08-22 13:22:52.972972,South,Groceries,4508,2294,32,61,Female,0.0,August,Q3,50.89
2023-08-22 22:07:34.054054,North,Furniture,12785,1523,15,55,Female,0.05,August,Q3,11.91
2023-08-23 06:52:15.135135,South,Furniture,13055,2656,12,54,Male,0.05,August,Q3,20.34
2023-08-23 15:36:56.216216,North,Electronics,2966,501,97,50,Female,0.1,August,Q3,16.89
2023-08-24 00:21:37.297297,West,Groceries,2782,2386,78,61,Male,0.15,August,Q3,85.77
2023-08-24 09:06:18.378378,East,Electronics,2356,1214,57,48,Male,0.05,August,Q3,51.53
2023-08-24 17:50:59.459459,East,Groceries,8480,1157,8,28,Male,0.0,August,Q3,13.64
2023-08-25 02:35:40.540540,East,Groceries,2498,2488,72,21,Female,0.0,August,Q3,99.6
2023-08-25 11:20:21.621621,South,Groceries,5976,264,27,35,Female,0.0,August,Q3,4.42
2023-08-25 20:05:02.702702,North,Electronics,9928,1599,62,21,Female,0.0,August,Q3,16.11
2023-08-26 04:49:43.783783,South,Clothing,5169,2312,12,51,Female,0.0,August,Q3,44.73
2023-08-26 13:34:24.864864,East,Electronics,12836,177,65,46,Female,0.0,August,Q3,1.38
2023-08-26 22:19:05.945945,East,Clothing,9842,1895,42,41,Male,0.0,August,Q3,19.25
2023-08-27 07:03:47.027027,South,Electronics,4818,809,62,39,Male,0.0,August,Q3,16.79
2023-08-27 15:48:28.108108,North,Sports,7564,2501,11,19,Male,0.0,August,Q3,33.06
2023-08-28 00:33:09.189189,North,Furniture,7946,1865,43,61,Female,0.0,August,Q3,23.47
2023-08-28 09:17:50.270270,South,Clothing,1931,2435,95,23,Male,0.0,August,Q3,126.1
2023-08-28 18:02:31.351351,East,Clothing,6124,2928,17,59,Male,0.05,August,Q3,47.81
2023-08-29 02:47:12.432432,East,Clothing,7961,2811,97,42,Female,0.05,August,Q3,35.31
2023-08-29 11:31:53.513513,South,Furniture,2319,410,32,38,Female,0.0,August,Q3,17.68
2023-08-29 20:16:34.594594,West,Furniture,11016,618,93,33,Male,0.05,August,Q3,5.61
2023-08-30 05:01:15.675675,East,Sports,14249,1465,85,48,Male,0.0,August,Q3,10.28
2023-08-30 13:45:56.756756,North,Clothing,1630,2315,85,31,Female,0.0,August,Q3,142.02
2023-08-30 22:30:37.837837,North,Sports,14469,1647,40,56,Female,0.0,August,Q3,11.38
2023-08-31 07:15:18.918918,North,Groceries,7063,1742,23,45,Female,0.05,August,Q3,24.66
2023-08-31 16:00:00.000000,North,Electronics,3158,251,56,49,Female,0.1,August,Q3,7.95
2023-09-01 00:44:41.081081,North,Sports,4000,2114,6,45,Male,0.0,September,Q3,52.85
2023-09-01 09:29:22.162162,North,Electronics,9066,2419,86,26,Male,0.0,September,Q3,26.68
2023-09-01 18:14:03.243243,North,Groceries,2620,567,50,62,Female,0.15,September,Q3,21.64
2023-09-02 02:58:44.324324,North,Clothing,4520,1398,37,39,Male,0.0,September,Q3,30.93
2023-09-02 11:43:25.405405,West,Groceries,10713,1485,64,49,Male,0.0,September,Q3,13.86
2023-09-02 20:28:06.486486,North,Groceries,12397,1391,54,22,Female,0.15,September,Q3,11.22
2023-09-03 05:12:47.567567,South,Groceries,13841,730,72,40,Male,0.15,September,Q3,5.27
2023-09-03 13:57:28.648648,South,Groceries,3759,2038,49,22,Male,0.05,September,Q3,54.22
2023-09-03 22:42:09.729729,West,Clothing,12127,1541,99,59,Male,0.05,September,Q3,12.71
2023-09-04 07:26:50.810810,North,Electronics,10581,474,11,49,Female,0.0,September,Q3,4.48
2023-09-04 16:11:31.891891,South,Clothing,2323,2018,88,27,Female,0.0,September,Q3,86.87
2023-09-05 00:56:12.972972,West,Electronics,1974,1762,49,56,Male,0.05,September,Q3,89.26
2023-09-05 09:40:54.054054,West,Furniture,2742,2484,21,32,Female,0.0,September,Q3,90.59
2023-09-05 18:25:35.135135,West,Clothing,13967,827,66,24,Female,0.05,September,Q3,5.92
2023-09-06 03:10:16.216216,North,Sports,3743,2195,63,46,Female,0.2,September,Q3,58.64
2023-09-06 11:54:57.297297,North,Furniture,7490,1876,83,64,Male,0.2,September,Q3,25.05
2023-09-06 20:39:38.378378,East,Groceries,5660,257,28,20,Male,0.0,September,Q3,4.54
2023-09-07 05:24:19.459459,West,Electronics,3634,1587,17,36,Female,0.1,September,Q3,43.67
2023-09-07 14:09:00.540540,East,Groceries,2570,1709,6,27,Male,0.05,September,Q3,66.5
2023-09-07 22:53:41.621621,East,Sports,859,2683,19,45,Male,0.15,September,Q3,312.34
2023-09-08 07:38:22.702702,North,Clothing,10733,2263,56,46,Male,0.0,September,Q3,21.08
2023-09-08 16:23:03.783783,East,Furniture,1641,71,28,32,Male,0.0,September,Q3,4.33
2023-09-09 01:07:44.864864,North,Groceries,2135,203,66,52,Male,0.0,September,Q3,9.51
2023-09-09 09:52:25.945945,South,Electronics,14191,2012,38,23,Female,0.0,September,Q3,14.18
2023-09-09 18:37:07.027027,South,Furniture,4500,268,37,29,Male,0.0,September,Q3,5.96
2023-09-10 03:21:48.108108,South,Clothing,10635,718,68,64,Male,0.1,September,Q3,6.75
2023-09-10 12:06:29.189189,North,Electronics,13466,1568,86,55,Male,0.1,September,Q3,11.64
2023-09-10 20:51:10.270270,North,Clothing,3861,2327,90,30,Female,0.0,September,Q3,60.27
2023-09-11 05:35:51.351351,East,Electronics,7083,2117,49,46,Female,0.05,September,Q3,29.89
2023-09-11 14:20:32.432432,North,Electronics,8335,2650,43,36,Female,0.0,September,Q3,31.79
2023-09-11 23:05:13.513513,East,Electronics,11672,999,36,20,Male,0.15,September,Q3,8.56
2023-09-12 07:49:54.594594,North,Sports,506,2245,58,25,Female,0.2,September,Q3,443.68
2023-09-12 16:34:35.675675,South,Furniture,3767,452,13,25,Female,0.2,September,Q3,12.0
2023-09-13 01:19:16.756756,South,Sports,7064,645,52,37,Female,0.15,September,Q3,9.13
2023-09-13 10:03:57.837837,North,Clothing,10283,2464,58,64,Female,0.0,September,Q3,23.96
2023-09-13 18:48:38.918918,South,Clothing,5428,1487,32,21,Male,0.0,September,Q3,27.39
2023-09-14 03:33:20.000000,North,Furniture,11956,2899,81,38,Female,0.05,September,Q3,24.25
2023-09-14 12:18:01.081081,North,Clothing,3106,1207,60,20,Female,0.2,September,Q3,38.86
2023-09-14 21:02:42.162162,West,Electronics,11911,1792,83,62,Male,0.0,September,Q3,15.04
2023-09-15 05:47:23.243243,South,Furniture,6406,1356,58,25,Male,0.0,September,Q3,21.17
2023-09-15 14:32:04.324324,West,Electronics,3773,122,99,40,Female,0.15,September,Q3,3.23
2023-09-15 23:16:45.405405,North,Furniture,8111,530,56,33,Male,0.0,September,Q3,6.53
2023-09-16 08:01:26.486486,East,Furniture,1413,609,28,30,Female,0.05,September,Q3,43.1
2023-09-16 16:46:07.567567,East,Electronics,2511,794,1,20,Male,0.1,September,Q3,31.62
2023-09-17 01:30:48.648648,East,Electronics,1942,1516,42,26,Male,0.0,September,Q3,78.06
2023-09-17 10:15:29.729729,South,Groceries,6046,149,82,31,Female,0.0,September,Q3,2.46
2023-09-17 19:00:10.810810,South,Clothing,11746,1132,48,30,Male,0.1,September,Q3,9.64
2023-09-18 03:44:51.891891,South,Electronics,14290,2605,40,24,Female,0.1,September,Q3,18.23
2023-09-18 12:29:32.972972,West,Sports,12238,2355,97,32,Male,0.2,September,Q3,19.24
2023-09-18 21:14:14.054054,West,Electronics,12913,462,63,24,Female,0.0,September,Q3,3.58
2023-09-19 05:58:55.135135,West,Furniture,13604,1138,76,55,Male,0.0,September,Q3,8.37
2023-09-19 14:43:36.216216,North,Sports,11620,2692,72,51,Male,0.1,September,Q3,23.17
2023-09-19 23:28:17.297297,East,Electronics,2329,1227,88,58,Male,0.05,September,Q3,52.68
2023-09-20 08:12:58.378378,West,Electronics,9267,2058,80,39,Male,0.0,September,Q3,22.21
2023-09-20 16:57:39.459459,North,Electronics,6968,2363,4,41,Male,0.1,September,Q3,33.91
2023-09-21 01:42:20.540540,North,Clothing,14203,870,38,54,Female,0.0,September,Q3,6.13
2023-09-21 10:27:01.621621,East,Electronics,1429,711,27,61,Male,0.0,September,Q3,49.76
2023-09-21 19:11:42.702702,East,Furniture,12451,609,9,18,Female,0.0,September,Q3,4.89
2023-09-22 03:56:23.783783,West,Electronics,4199,2988,16,27,Female,0.0,September,Q3,71.16
2023-09-22 12:41:04.864864,North,Furniture,10155,1321,56,60,Female,0.05,September,Q3,13.01
2023-09-22 21:25:45.945945,East,Sports,11967,1863,76,33,Male,0.05,September,Q3,15.57
2023-09-23 06:10:27.027027,North,Groceries,13620,2965,31,63,Female,0.1,September,Q3,21.77
2023-09-23 14:55:08.108108,North,Furniture,1554,659,88,25,Male,0.2,September,Q3,42.41
2023-09-23 23:39:49.189189,North,Clothing,6244,2511,14,42,Female,0.0,September,Q3,40.21
2023-09-24 08:24:30.270270,West,Furniture,2400,74,25,29,Female,0.0,September,Q3,3.08
2023-09-24 17:09:11.351351,East,Furniture,10149,2078,34,42,Female,0.0,September,Q3,20.47
2023-09-25 01:53:52.432432,South,Clothing,7480,333,67,34,Female,0.0,September,Q3,4.45
2023-09-25 10:38:33.513513,South,Electronics,7569,1522,24,43,Female,0.1,September,Q3,20.11
2023-09-25 19:23:14.594594,West,Groceries,10091,2978,73,63,Male,0.1,September,Q3,29.51
2023-09-26 04:07:55.675675,South,Clothing,3915,350,26,31,Female,0.1,September,Q3,8.94
2023-09-26 12:52:36.756756,West,Electronics,942,1141,20,58,Female,0.0,September,Q3,121.13
2023-09-26 21:37:17.837837,South,Clothing,12342,1080,64,53,Male,0.0,September,Q3,8.75
2023-09-27 06:21:58.918918,South,Clothing,6718,866,10,40,Male,0.05,September,Q3,12.89
2023-09-27 15:06:40.000000,South,Groceries,5152,132,83,60,Male,0.0,September,Q3,2.56
2023-09-27 23:51:21.081081,South,Groceries,8439,1970,67,23,Female,0.1,September,Q3,23.34
2023-09-28 08:36:02.162162,East,Groceries,8333,2143,24,64,Female,0.2,September,Q3,25.72
2023-09-28 17:20:43.243243,South,Electronics,9870,667,5,22,Female,0.0,September,Q3,6.76
2023-09-29 02:05:24.324324,North,Clothing,8097,2359,67,60,Female,0.1,September,Q3,29.13
2023-09-29 10:50:05.405405,West,Clothing,14825,225,58,42,Female,0.05,September,Q3,1.52
2023-09-29 19:34:46.486486,South,Electronics,4958,1239,27,35,Female,0.0,September,Q3,24.99
2023-09-30 04:19:27.567567,South,Electronics,7091,2754,80,30,Male,0.05,September,Q3,38.84
2023-09-30 13:04:08.648648,West,Groceries,9949,891,15,60,Male,0.0,September,Q3,8.96
2023-09-30 21:48:49.729729,East,Electronics,12326,419,35,31,Female,0.0,September,Q3,3.4
2023-10-01 06:33:30.810810,North,Furniture,10533,1868,76,45,Female,0.1,October,Q4,17.73
2023-10-01 15:18:11.891891,West,Electronics,2809,2151,53,35,Female,0.15,October,Q4,76.58
2023-10-02 00:02:52.972972,East,Electronics,14638,739,44,45,Female,0.0,October,Q4,5.05
2023-10-02 08:47:34.054054,South,Electronics,6768,1829,26,44,Female,0.0,October,Q4,27.02
2023-10-02 17:32:15.135135,North,Sports,1410,1414,47,49,Male,0.15,October,Q4,100.28
2023-10-03 02:16:56.216216,East,Groceries,4840,1482,34,64,Male,0.15,October,Q4,30.62
2023-10-03 11:01:37.297297,East,Sports,13329,416,87,26,Female,0.1,October,Q4,3.12
2023-10-03 19:46:18.378378,South,Clothing,4509,693,95,57,Male,0.0,October,Q4,15.37
2023-10-04 04:30:59.459459,West,Electronics,7128,2476,50,49,Female,0.2,October,Q4,34.74
2023-10-04 13:15:40.540540,East,Furniture,2669,122,84,37,Female,0.0,October,Q4,4.57
2023-10-04 22:00:21.621621,North,Clothing,2672,1321,12,45,Female,0.1,October,Q4,49.44
2023-10-05 06:45:02.702702,South,Groceries,6168,909,87,50,Male,0.0,October,Q4,14.74
2023-10-05 15:29:43.783783,North,Electronics,6813,92,4,21,Male,0.1,October,Q4,1.35
2023-10-06 00:14:24.864864,East,Clothing,8815,2474,87,63,Female,0.0,October,Q4,28.07
2023-10-06 08:59:05.945945,North,Electronics,8536,1114,48,51,Male,0.05,October,Q4,13.05
2023-10-06 17:43:47.027027,East,Clothing,11850,2267,55,20,Male,0.0,October,Q4,19.13
2023-10-07 02:28:28.108108,East,Groceries,7289,2309,1,43,Female,0.0,October,Q4,31.68
2023-10-07 11:13:09.189189,West,Clothing,14519,1566,89,25,Male,0.1,October,Q4,10.79
2023-10-07 19:57:50.270270,South,Clothing,1285,2136,66,23,Male,0.15,October,Q4,166.23
2023-10-08 04:42:31.351351,West,Clothing,6639,418,30,33,Female,0.2,October,Q4,6.3
2023-10-08 13:27:12.432432,North,Clothing,6844,2854,3,41,Female,0.0,October,Q4,41.7
2023-10-08 22:11:53.513513,West,Groceries,2916,200,21,56,Male,0.1,October,Q4,6.86
2023-10-09 06:56:34.594594,North,Groceries,9488,1184,89,47,Female,0.1,October,Q4,12.48
2023-10-09 15:41:15.675675,South,Sports,12864,1553,84,62,Male,0.0,October,Q4,12.07
2023-10-10 00:25:56.756756,East,Groceries,4654,1509,49,30,Female,0.0,October,Q4,32.42
2023-10-10 09:10:37.837837,North,Clothing,6119,1120,86,22,Female,0.1,October,Q4,18.3
2023-10-10 17:55:18.918918,North,Furniture,2436,1073,85,42,Female,0.2,October,Q4,44.05
2023-10-11 02:40:00.000000,East,Clothing,10848,1648,62,37,Female,0.1,October,Q4,15.19
2023-10-11 11:24:41.081081,East,Electronics,4307,2834,97,35,Male,0.05,October,Q4,65.8
2023-10-11 20:09:22.162162,East,Groceries,7651,2090,38,64,Female,0.05,October,Q4,27.32
2023-10-12 04:54:03.243243,East,Electronics,9993,1439,15,35,Female,0.0,October,Q4,14.4
2023-10-12 13:38:44.324324,South,Sports,12855,118,52,19,Female,0.1,October,Q4,0.92
2023-10-12 22:23:25.405405,North,Clothing,11832,2396,79,27,Male,0.1,October,Q4,20.25
2023-10-13 07:08:06.486486,South,Furniture,3736,993,46,62,Male,0.0,October,Q4,26.58
2023-10-13 15:52:47.567567,North,Furniture,2852,851,25,64,Female,0.15,October,Q4,29.84
2023-10-14 00:37:28.648648,West,Groceries,2432,2393,21,29,Female,0.0,October,Q4,98.4
2023-10-14 09:22:09.729729,East,Furniture,11413,2300,88,64,Female,0.2,October,Q4,20.15
2023-10-14 18:06:50.810810,South,Furniture,9056,110,5,30,Female,0.0,October,Q4,1.21
2023-10-15 02:51:31.891891,South,Electronics,5416,995,70,64,Female,0.0,October,Q4,18.37
2023-10-15 11:36:12.972972,West,Furniture,5998,1387,47,28,Female,0.0,October,Q4,23.12
2023-10-15 20:20:54.054054,North,Electronics,11082,1234,87,36,Male,0.05,October,Q4,11.14
2023-10-16 05:05:35.135135,East,Groceries,1446,380,68,52,Female,0.0,October,Q4,26.28
2023-10-16 13:50:16.216216,South,Furniture,14365,1601,91,56,Female,0.05,October,Q4,11.15
2023-10-16 22:34:57.297297,East,Furniture,10069,387,18,43,Female,0.05,October,Q4,3.84
2023-10-17 07:19:38.378378,North,Electronics,1939,1679,21,63,Female,0.1,October,Q4,86.59
2023-10-17 16:04:19.459459,West,Electronics,11872,1377,92,31,Female,0.0,October,Q4,11.6
2023-10-18 00:49:00.540540,West,Groceries,8230,1576,99,62,Female,0.05,October,Q4,19.15
2023-10-18 09:33:41.621621,East,Electronics,5357,1723,86,61,Male,0.0,October,Q4,32.16
2023-10-18 18:18:22.702702,East,Electronics,840,1411,23,41,Male,0.1,October,Q4,167.98
2023-10-19 03:03:03.783783,West,Electronics,11681,1623,64,58,Male,0.0,October,Q4,13.89
2023-10-19 11:47:44.864864,East,Sports,882,2736,67,18,Male,0.2,October,Q4,310.2
2023-10-19 20:32:25.945945,North,Groceries,13791,324,40,60,Male,0.1,October,Q4,2.35
2023-10-20 05:17:07.027027,East,Clothing,10248,1237,10,39,Male,0.05,October,Q4,12.07
2023-10-20 14:01:48.108108,East,Electronics,8991,2416,89,40,Female,0.05,October,Q4,26.87
2023-10-20 22:46:29.189189,South,Clothing,638,2686,52,36,Female,0.0,October,Q4,421.0
2023-10-21 07:31:10.270270,East,Groceries,858,2601,72,35,Female,0.0,October,Q4,303.15
2023-10-21 16:15:51.351351,West,Furniture,5431,2484,75,29,Female,0.15,October,Q4,45.74
2023-10-22 01:00:32.432432,West,Electronics,10214,2043,61,45,Female,0.2,October,Q4,20.0
2023-10-22 09:45:13.513513,South,Electronics,3956,919,64,45,Female,0.0,October,Q4,23.23
2023-10-22 18:29:54.594594,North,Electronics,2127,2930,5,50,Male,0.05,October,Q4,137.75
2023-10-23 03:14:35.675675,West,Furniture,14770,1064,53,36,Female,0.1,October,Q4,7.2
2023-10-23 11:59:16.756756,West,Groceries,9995,1961,55,45,Male,0.1,October,Q4,19.62
2023-10-23 20:43:57.837837,North,Electronics,7126,652,37,54,Male,0.0,October,Q4,9.15
2023-10-24 05:28:38.918918,West,Electronics,5504,1849,56,43,Female,0.0,October,Q4,33.59
2023-10-24 14:13:20.000000,West,Electronics,9826,740,59,52,Female,0.0,October,Q4,7.53
2023-10-24 22:58:01.081081,South,Sports,10878,543,93,51,Female,0.15,October,Q4,4.99
2023-10-25 07:42:42.162162,East,Electronics,13783,539,69,52,Female,0.05,October,Q4,3.91
2023-10-25 16:27:23.243243,South,Groceries,7152,2818,73,57,Female,0.05,October,Q4,39.4
2023-10-26 01:12:04.324324,North,Furniture,6916,2606,59,33,Female,0.2,October,Q4,37.68
2023-10-26 09:56:45.405405,South,Clothing,3670,439,2,55,Female,0.1,October,Q4,11.96
2023-10-26 18:41:26.486486,West,Electronics,4335,344,65,30,Male,0.15,October,Q4,7.94
2023-10-27 03:26:07.567567,North,Electronics,8517,1442,60,40,Female,0.05,October,Q4,16.93
2023-10-27 12:10:48.648648,South,Furniture,2651,2893,51,39,Female,0.0,October,Q4,109.13
2023-10-27 20:55:29.729729,South,Groceries,9929,2962,30,33,Male,0.2,October,Q4,29.83
2023-10-28 05:40:10.810810,South,Furniture,14572,1767,11,45,Female,0.05,October,Q4,12.13
2023-10-28 14:24:51.891891,West,Furniture,12427,2646,92,52,Female,0.0,October,Q4,21.29
2023-10-28 23:09:32.972972,South,Electronics,7405,698,76,62,Male,0.0,October,Q4,9.43
2023-10-29 07:54:14.054054,South,Sports,3334,1923,39,63,Female,0.0,October,Q4,57.68
2023-10-29 16:38:55.135135,East,Groceries,12952,617,90,25,Female,0.05,October,Q4,4.76
2023-10-30 01:23:36.216216,South,Electronics,9690,2950,77,61,Female,0.15,October,Q4,30.44
2023-10-30 10:08:17.297297,North,Sports,3067,2867,72,39,Female,0.2,October,Q4,93.48
2023-10-30 18:52:58.378378,South,Furniture,1807,494,63,38,Female,0.2,October,Q4,27.34
2023-10-31 03:37:39.459459,North,Furniture,9348,412,64,43,Female,0.0,October,Q4,4.41
2023-10-31 12:22:20.540540,North,Groceries,3160,2220,61,57,Male,0.0,October,Q4,70.25
2023-10-31 21:07:01.621621,South,Groceries,10903,1261,54,38,Female,0.0,October,Q4,11.57
2023-11-01 05:51:42.702702,South,Furniture,10601,791,92,42,Female,0.15,November,Q4,7.46
2023-11-01 14:36:23.783783,West,Electronics,4230,2091,94,58,Male,0.0,November,Q4,49.43
2023-11-01 23:21:04.864864,South,Clothing,10738,729,73,18,Male,0.1,November,Q4,6.79
2023-11-02 08:05:45.945945,East,Sports,6707,2517,95,23,Female,0.1,November,Q4,37.53
2023-11-02 16:50:27.027027,East,Electronics,3662,1692,58,40,Male,0.05,November,Q4,46.2
2023-11-03 01:35:08.108108,North,Clothing,1640,1622,85,40,Female,0.0,November,Q4,98.9
2023-11-03 10:19:49.189189,East,Clothing,14677,1408,56,60,Female,0.2,November,Q4,9.59
2023-11-03 19:04:30.270270,North,Clothing,8958,2189,34,60,Male,0.2,November,Q4,24.44
2023-11-04 03:49:11.351351,West,Furniture,10537,112,31,40,Female,0.0,November,Q4,1.06
2023-11-04 12:33:52.432432,North,Sports,2208,2609,52,49,Female,0.05,November,Q4,118.16
2023-11-04 21:18:33.513513,South,Electronics,4130,1212,89,47,Male,0.2,November,Q4,29.35
2023-11-05 06:03:14.594594,North,Electronics,3711,1278,76,30,Male,0.0,November,Q4,34.44
2023-11-05 14:47:55.675675,West,Electronics,10985,2869,1,60,Male,0.05,November,Q4,26.12
2023-11-05 23:32:36.756756,South,Groceries,12424,305,55,35,Male,0.0,November,Q4,2.45
2023-11-06 08:17:17.837837,East,Furniture,12521,184,22,40,Female,0.05,November,Q4,1.47
2023-11-06 17:01:58.918918,North,Electronics,7038,924,40,32,Male,0.0,November,Q4,13.13
2023-11-07 01:46:40.000000,East,Groceries,10202,871,1,50,Male,0.05,November,Q4,8.54
2023-11-07 10:31:21.081081,North,Groceries,975,2185,65,38,Male,0.0,November,Q4,224.1
2023-11-07 19:16:02.162162,West,Groceries,8184,872,63,56,Male,0.05,November,Q4,10.65
2023-11-08 04:00:43.243243,North,Sports,9668,1023,54,40,Male,0.2,November,Q4,10.58
2023-11-08 12:45:24.324324,North,Electronics,1707,1827,42,44,Female,0.15,November,Q4,107.03
2023-11-08 21:30:05.405405,North,Groceries,13831,170,21,62,Male,0.15,November,Q4,1.23
2023-11-09 06:14:46.486486,South,Clothing,2460,1687,79,61,Female,0.1,November,Q4,68.58
2023-11-09 14:59:27.567567,East,Groceries,1057,1414,81,35,Male,0.0,November,Q4,133.77
2023-11-09 23:44:08.648648,North,Groceries,13805,1057,22,41,Male,0.0,November,Q4,7.66
2023-11-10 08:28:49.729729,East,Groceries,14393,974,38,64,Male,0.2,November,Q4,6.77
2023-11-10 17:13:30.810810,South,Furniture,1382,694,99,57,Male,0.0,November,Q4,50.22
2023-11-11 01:58:11.891891,South,Electronics,10886,2082,80,59,Male,0.0,November,Q4,19.13
2023-11-11 10:42:52.972972,South,Furniture,5261,2811,8,24,Male,0.1,November,Q4,53.43
2023-11-11 19:27:34.054054,South,Sports,11359,2957,62,37,Male,0.0,November,Q4,26.03
2023-11-12 04:12:15.135135,East,Sports,6367,2118,47,44,Male,0.0,November,Q4,33.27
2023-11-12 12:56:56.216216,North,Electronics,7463,291,17,23,Female,0.2,November,Q4,3.9
2023-11-12 21:41:37.297297,North,Electronics,13651,2552,17,44,Male,0.15,November,Q4,18.69
2023-11-13 06:26:18.378378,West,Electronics,13369,2718,90,26,Female,0.05,November,Q4,20.33
2023-11-13 15:10:59.459459,West,Groceries,7666,2400,13,62,Male,0.2,November,Q4,31.31
2023-11-13 23:55:40.540540,South,Groceries,13482,1669,17,48,Female,0.1,November,Q4,12.38
2023-11-14 08:40:21.621621,North,Electronics,8429,852,38,38,Male,0.1,November,Q4,10.11
2023-11-14 17:25:02.702702,East,Furniture,5847,1013,81,43,Male,0.0,November,Q4,17.33
2023-11-15 02:09:43.783783,South,Groceries,7769,118,78,57,Male,0.0,November,Q4,1.52
2023-11-15 10:54:24.864864,North,Groceries,10302,1202,45,62,Female,0.1,November,Q4,11.67
2023-11-15 19:39:05.945945,North,Furniture,12180,245,6,30,Female,0.15,November,Q4,2.01
2023-11-16 04:23:47.027027,East,Furniture,8625,2237,35,40,Female,0.1,November,Q4,25.94
2023-11-16 13:08:28.108108,East,Furniture,14027,2380,14,37,Female,0.0,November,Q4,16.97
2023-11-16 21:53:09.189189,North,Electronics,2954,2409,72,54,Male,0.0,November,Q4,81.55
2023-11-17 06:37:50.270270,North,Furniture,4994,795,61,45,Male,0.15,November,Q4,15.92
2023-11-17 15:22:31.351351,North,Furniture,2446,1738,15,34,Male,0.0,November,Q4,71.05
2023-11-18 00:07:12.432432,East,Groceries,13502,326,54,45,Female,0.05,November,Q4,2.41
2023-11-18 08:51:53.513513,North,Furniture,13491,110,27,58,Male,0.0,November,Q4,0.82
2023-11-18 17:36:34.594594,North,Groceries,3308,1963,13,19,Female,0.0,November,Q4,59.34
2023-11-19 02:21:15.675675,East,Electronics,7142,2149,31,42,Female,0.1,November,Q4,30.09
2023-11-19 11:05:56.756756,North,Clothing,4325,2250,35,58,Female,0.1,November,Q4,52.02
2023-11-19 19:50:37.837837,East,Electronics,4036,1822,60,23,Female,0.0,November,Q4,45.14
2023-11-20 04:35:18.918918,North,Electronics,14502,1384,6,28,Female,0.0,November,Q4,9.54
2023-11-20 13:20:00.000000,North,Groceries,6568,1887,69,55,Male,0.15,November,Q4,28.73
2023-11-20 22:04:41.081081,North,Sports,4302,2641,86,23,Female,0.0,November,Q4,61.39
2023-11-21 06:49:22.162162,East,Electronics,12869,616,58,62,Female,0.05,November,Q4,4.79
2023-11-21 15:34:03.243243,West,Clothing,5199,1621,49,28,Male,0.2,November,Q4,31.18
2023-11-22 00:18:44.324324,West,Groceries,2470,671,23,31,Female,0.0,November,Q4,27.17
2023-11-22 09:03:25.405405,South,Electronics,6306,2075,89,19,Female,0.2,November,Q4,32.91
2023-11-22 17:48:06.486486,East,Furniture,6642,1250,34,57,Male,0.0,November,Q4,18.82
2023-11-23 02:32:47.567567,North,Groceries,12514,363,26,20,Male,0.05,November,Q4,2.9
2023-11-23 11:17:28.648648,North,Furniture,3319,2904,47,52,Male,0.0,November,Q4,87.5
2023-11-23 20:02:09.729729,West,Electronics,9594,2945,5,50,Female,0.2,November,Q4,30.7
2023-11-24 04:46:50.810810,North,Clothing,864,2194,90,41,Male,0.0,November,Q4,253.94
2023-11-24 13:31:31.891891,North,Groceries,4758,2978,20,36,Male,0.0,November,Q4,62.59
2023-11-24 22:16:12.972972,North,Furniture,3619,1286,6,35,Male,0.2,November,Q4,35.53
2023-11-25 07:00:54.054054,North,Electronics,11250,2926,70,41,Female,0.05,November,Q4,26.01
2023-11-25 15:45:35.135135,North,Groceries,2363,186,59,62,Male,0.05,November,Q4,7.87
2023-11-26 00:30:16.216216,East,Electronics,615,1079,64,52,Female,0.0,November,Q4,175.45
2023-11-26 09:14:57.297297,South,Groceries,7584,2206,18,18,Female,0.1,November,Q4,29.09
2023-11-26 17:59:38.378378,West,Electronics,8516,2644,4,53,Male,0.0,November,Q4,31.05
2023-11-27 02:44:19.459459,West,Sports,2884,711,17,42,Female,0.0,November,Q4,24.65
2023-11-27 11:29:00.540540,South,Clothing,13668,2522,14,62,Female,0.05,November,Q4,18.45
2023-11-27 20:13:41.621621,North,Clothing,4435,2727,78,60,Male,0.0,November,Q4,61.49
2023-11-28 04:58:22.702702,South,Electronics,13627,2358,13,51,Female,0.2,November,Q4,17.3
2023-11-28 13:43:03.783783,East,Clothing,14982,136,7,42,Male,0.2,November,Q4,0.91
2023-11-28 22:27:44.864864,North,Groceries,8242,2562,44,33,Female,0.1,November,Q4,31.08
2023-11-29 07:12:25.945945,East,Sports,5942,2173,15,51,Female,0.15,November,Q4,36.57
2023-11-29 15:57:07.027027,South,Clothing,2990,2568,19,46,Male,0.1,November,Q4,85.89
2023-11-30 00:41:48.108108,East,Clothing,7480,2511,63,36,Male,0.0,November,Q4,33.57
2023-11-30 09:26:29.189189,South,Groceries,13824,2922,35,40,Female,0.1,November,Q4,21.14
2023-11-30 18:11:10.270270,North,Groceries,9634,2992,81,36,Female,0.0,November,Q4,31.06
2023-12-01 02:55:51.351351,West,Furniture,8161,2823,35,42,Male,0.0,December,Q4,34.59
2023-12-01 11:40:32.432432,East,Clothing,2224,2554,19,33,Female,0.15,December,Q4,114.84
2023-12-01 20:25:13.513513,North,Clothing,11026,1358,20,26,Female,0.05,December,Q4,12.32
2023-12-02 05:09:54.594594,West,Furniture,8682,1750,35,18,Female,0.15,December,Q4,20.16
2023-12-02 13:54:35.675675,South,Electronics,3267,2750,32,59,Female,0.0,December,Q4,84.18
2023-12-02 22:39:16.756756,West,Furniture,1637,2769,48,36,Male,0.1,December,Q4,169.15
2023-12-03 07:23:57.837837,East,Clothing,11219,544,44,50,Male,0.0,December,Q4,4.85
2023-12-03 16:08:38.918918,South,Groceries,4617,1697,24,51,Male,0.1,December,Q4,36.76
2023-12-04 00:53:20.000000,North,Electronics,3920,1992,61,33,Male,0.1,December,Q4,50.82
2023-12-04 09:38:01.081081,North,Furniture,6345,1118,17,61,Male,0.05,December,Q4,17.62
2023-12-04 18:22:42.162162,South,Clothing,5278,1474,71,57,Male,0.0,December,Q4,27.93
2023-12-05 03:07:23.243243,East,Furniture,4406,646,50,35,Female,0.0,December,Q4,14.66
2023-12-05 11:52:04.324324,North,Electronics,4137,499,65,51,Male,0.0,December,Q4,12.06
2023-12-05 20:36:45.405405,North,Furniture,3453,534,99,42,Female,0.1,December,Q4,15.46
2023-12-06 05:21:26.486486,West,Furniture,6429,695,32,62,Female,0.2,December,Q4,10.81
2023-12-06 14:06:07.567567,West,Furniture,11059,2717,36,23,Female,0.0,December,Q4,24.57
2023-12-06 22:50:48.648648,South,Furniture,12913,1679,13,38,Male,0.1,December,Q4,13.0
2023-12-07 07:35:29.729729,North,Furniture,776,711,70,23,Female,0.15,December,Q4,91.62
2023-12-07 16:20:10.810810,North,Groceries,2499,807,58,49,Male,0.05,December,Q4,32.29
2023-12-08 01:04:51.891891,North,Electronics,1727,338,14,58,Female,0.1,December,Q4,19.57
2023-12-08 09:49:32.972972,West,Groceries,6837,770,37,60,Female,0.15,December,Q4,11.26
2023-12-08 18:34:14.054054,North,Clothing,12444,687,79,56,Male,0.0,December,Q4,5.52
2023-12-09 03:18:55.135135,East,Electronics,4235,2332,68,48,Female,0.0,December,Q4,55.06
2023-12-09 12:03:36.216216,North,Electronics,1195,2513,40,59,Female,0.0,December,Q4,210.29
2023-12-09 20:48:17.297297,East,Clothing,10001,548,59,27,Female,0.2,December,Q4,5.48
2023-12-10 05:32:58.378378,East,Groceries,4652,683,80,47,Female,0.2,December,Q4,14.68
2023-12-10 14:17:39.459459,West,Groceries,8401,1723,92,35,Male,0.1,December,Q4,20.51
2023-12-10 23:02:20.540540,North,Groceries,7970,2080,16,41,Female,0.0,December,Q4,26.1
2023-12-11 07:47:01.621621,North,Furniture,11926,164,62,26,Female,0.05,December,Q4,1.38
2023-12-11 16:31:42.702702,North,Clothing,12806,723,4,48,Male,0.0,December,Q4,5.65
2023-12-12 01:16:23.783783,West,Electronics,8037,1786,45,32,Female,0.0,December,Q4,22.22
2023-12-12 10:01:04.864864,West,Clothing,11003,1307,90,21,Female,0.1,December,Q4,11.88
2023-12-12 18:45:45.945945,East,Clothing,3341,2303,28,57,Female,0.2,December,Q4,68.93
2023-12-13 03:30:27.027027,East,Electronics,4708,2344,96,26,Female,0.2,December,Q4,49.79
2023-12-13 12:15:08.108108,East,Electronics,12251,2855,66,62,Male,0.1,December,Q4,23.3
2023-12-13 20:59:49.189189,North,Furniture,12090,196,31,26,Female,0.0,December,Q4,1.62
2023-12-14 05:44:30.270270,West,Groceries,9233,2215,3,43,Male,0.0,December,Q4,23.99
2023-12-14 14:29:11.351351,South,Sports,11386,461,8,21,Female,0.0,December,Q4,4.05
2023-12-14 23:13:52.432432,South,Sports,13366,1737,24,34,Female,0.1,December,Q4,13.0
2023-12-15 07:58:33.513513,South,Furniture,1588,2460,15,33,Female,0.15,December,Q4,154.91
2023-12-15 16:43:14.594594,North,Clothing,3863,1582,43,32,Male,0.0,December,Q4,40.95
2023-12-16 01:27:55.675675,North,Furniture,524,186,31,52,Female,0.05,December,Q4,35.5
2023-12-16 10:12:36.756756,East,Groceries,10264,68,73,22,Female,0.0,December,Q4,0.66
2023-12-16 18:57:17.837837,North,Electronics,6644,2292,45,22,Male,0.0,December,Q4,34.5
2023-12-17 03:41:58.918918,East,Clothing,11650,2427,66,37,Male,0.05,December,Q4,20.83
2023-12-17 12:26:40.000000,North,Groceries,6168,2009,8,32,Male,0.0,December,Q4,32.57
2023-12-17 21:11:21.081081,South,Clothing,4736,2272,71,35,Male,0.05,December,Q4,47.97
2023-12-18 05:56:02.162162,North,Furniture,10459,1051,57,64,Female,0.15,December,Q4,10.05
2023-12-18 14:40:43.243243,South,Furniture,13435,498,80,19,Female,0.05,December,Q4,3.71
2023-12-18 23:25:24.324324,East,Electronics,8568,1998,99,46,Female,0.0,December,Q4,23.32
2023-12-19 08:10:05.405405,North,Clothing,2735,995,30,30,Female,0.0,December,Q4,36.38
2023-12-19 16:54:46.486486,East,Clothing,7795,1427,74,21,Male,0.05,December,Q4,18.31
2023-12-20 01:39:27.567567,South,Electronics,8892,1572,18,59,Female,0.0,December,Q4,17.68
2023-12-20 10:24:08.648648,East,Electronics,11890,190,69,62,Female,0.0,December,Q4,1.6
2023-12-20 19:08:49.729729,West,Groceries,8948,2855,93,27,Female,0.05,December,Q4,31.91
2023-12-21 03:53:30.810810,East,Electronics,4247,1970,39,48,Female,0.05,December,Q4,46.39
2023-12-21 12:38:11.891891,North,Furniture,13334,142,60,58,Male,0.1,December,Q4,1.06
2023-12-21 21:22:52.972972,North,Electronics,10933,288,98,25,Female,0.0,December,Q4,2.63
2023-12-22 06:07:34.054054,North,Sports,3675,254,43,20,Female,0.15,December,Q4,6.91
2023-12-22 14:52:15.135135,East,Electronics,12298,2657,45,63,Female,0.0,December,Q4,21.61
2023-12-22 23:36:56.216216,North,Clothing,12028,1506,23,26,Male,0.0,December,Q4,12.52
2023-12-23 08:21:37.297297,South,Groceries,5397,294,69,47,Male,0.05,December,Q4,5.45
2023-12-23 17:06:18.378378,East,Groceries,5537,881,94,28,Female,0.05,December,Q4,15.91
2023-12-24 01:50:59.459459,South,Electronics,7927,344,6,52,Female,0.2,December,Q4,4.34
2023-12-24 10:35:40.540540,East,Groceries,9105,2737,56,54,Female,0.1,December,Q4,30.06
2023-12-24 19:20:21.621621,North,Clothing,2514,905,4,59,Male,0.2,December,Q4,36.0
2023-12-25 04:05:02.702702,North,Clothing,1881,2114,93,30,Female,0.2,December,Q4,112.39
2023-12-25 12:49:43.783783,East,Electronics,1598,120,23,53,Female,0.1,December,Q4,7.51
2023-12-25 21:34:24.864864,South,Electronics,3926,1342,6,30,Female,0.05,December,Q4,34.18
2023-12-26 06:19:05.945945,East,Groceries,4155,1398,32,29,Male,0.05,December,Q4,33.65
2023-12-26 15:03:47.027027,South,Clothing,8438,354,18,54,Female,0.2,December,Q4,4.2
2023-12-26 23:48:28.108108,North,Clothing,9601,1080,15,27,Female,0.1,December,Q4,11.25
2023-12-27 08:33:09.189189,West,Groceries,687,1387,40,26,Male,0.0,December,Q4,201.89
2023-12-27 17:17:50.270270,East,Groceries,12736,866,96,24,Male,0.1,December,Q4,6.8
2023-12-28 02:02:31.351351,East,Electronics,12448,1176,73,19,Female,0.0,December,Q4,9.45
2023-12-28 10:47:12.432432,North,Furniture,10707,870,74,40,Male,0.05,December,Q4,8.13
2023-12-28 19:31:53.513513,East,Electronics,5909,242,84,56,Female,0.0,December,Q4,4.1
2023-12-29 04:16:34.594594,South,Groceries,2592,1826,6,57,Male,0.1,December,Q4,70.45
2023-12-29 13:01:15.675675,North,Furniture,12336,578,63,56,Male,0.15,December,Q4,4.69
2023-12-29 21:45:56.756756,West,Sports,2630,2268,67,38,Female,0.0,December,Q4,86.24
2023-12-30 06:30:37.837837,North,Electronics,5742,300,11,40,Female,0.0,December,Q4,5.22
2023-12-30 15:15:18.918918,West,Electronics,9049,1838,43,46,Female,0.0,December,Q4,20.31
2023-12-31 00:00:00.000000,South,Electronics,6147,2638,17,31,Male,0.1,December,Q4,42.92
